Channel Title,Channel Username,ID,Message,Date,Media Path
Sheger online-store,@Shageronlinestore,6211,"💥INIMA JAPAN COFFEE GRINDER

💯ከፍተኛ ጥራት 

⚡️150w
⚡️ቋቱ እና ምላጩ የብረት
⚡️made in japan

         ዋጋ፦ 1,400 ብር✅
     

♦️ውስን ፍሬ ነው ያለው

🏢 አድራሻ  ቁ.1👉 መገናኛ ስሪ ኤም ሲቲ ሞል  ሁለተኛ ፎቅ ቢሮ ቁ. SL-05A(ከ ሊፍቱ ፊት ለ ፊት)

📍ቁ.2 👉ለቡ  መዳህኒዓለም ቤተ/ክርስቲያን ፊት ለፊት  #ዛም_ሞል 2ኛ ፎቅ ቢሮ ቁጥር.214



     💧💧💧💧


    📲 0909522840
    📲 0923350054

🔖
💬  በTelegram ለማዘዝ ⤵️ ይጠቀሙ
@shager_onlinestore
  
ለተጨማሪ ማብራሪያ የቴሌግራም ገፃችን⤵️
https://t.me/Shageronlinestore",2025-01-17 06:59:57+00:00,
Sheger online-store,@Shageronlinestore,6210,"💥INIMA JAPAN COFFEE GRINDER

💯ከፍተኛ ጥራት 

⚡️150w
⚡️ቋቱ እና ምላጩ የብረት
⚡️made in japan

         ዋጋ፦ 1,400 ብር✅
     

♦️ውስን ፍሬ ነው ያለው

🏢 አድራሻ  ቁ.1👉 መገናኛ ስሪ ኤም ሲቲ ሞል  ሁለተኛ ፎቅ ቢሮ ቁ. SL-05A(ከ ሊፍቱ ፊት ለ ፊት)

📍ቁ.2 👉ለቡ  መዳህኒዓለም ቤተ/ክርስቲያን ፊት ለፊት  #ዛም_ሞል 2ኛ ፎቅ ቢሮ ቁጥር.214



     💧💧💧💧


    📲 0909522840
    📲 0923350054

🔖
💬  በTelegram ለማዘዝ ⤵️ ይጠቀሙ
@shager_onlinestore
  
ለተጨማሪ ማብራሪያ የቴሌግራም ገፃችን⤵️
https://t.me/Shageronlinestore",2025-01-17 06:59:57+00:00,photos\@Shageronlinestore_6210.jpg
Sheger online-store,@Shageronlinestore,6209,,2025-01-16 13:41:31+00:00,photos\@Shageronlinestore_6209.jpg
Sheger online-store,@Shageronlinestore,6208,,2025-01-16 13:41:31+00:00,photos\@Shageronlinestore_6208.jpg
Sheger online-store,@Shageronlinestore,6207,"💥stainless still flower shape cake mold

⚡️non stick  

        ዋጋ:-700ብር✅


ውስን ፍሬ ነው ያለን/ Limited Stock

🏢 አድራሻ ቁ.1 👉 መገናኛ ታሜ ጋስ ህንፃ ጎን ስሪ ኤም ሲቲ ሞል  ሁለተኛ ፎቅ ቢሮ ቁ. SL-05A(ከ ሊፍቱ ፊት ለ ፊት)

📍ቁ.2 👉ለቡ  መዳህኒዓለም ቤተ/ክርስቲያን 100ሜ ወደ ሙዚቃ ቤት ከፍ ብሎ  #ዛም_ሞል 2ኛ ፎቅ ቢሮ.ቁ 214


    📲 0909522840
    📲 0923350054

👍ለቡ ቅርንጫፍ📲0973611819


🔖
💬  በTelegram ለማዘዝ ⤵️ ይጠቀሙ
@shager_onlinestore
  
ለተጨማሪ ማብራሪያ የቴሌግራም ገፃችን⤵️
https://t.me/Shageronlinestore
 ",2025-01-16 13:41:31+00:00,photos\@Shageronlinestore_6207.jpg
Sheger online-store,@Shageronlinestore,6206,"💥Delux Foldable multifunctional Draying RACK

👉 ለኮንዶሚኒየም እና ጠበብ ያለ ቦታ ላላቸው ተመራጭ
👉 የጫማ ማስቀመጫም አለው
👉 የቱርክ ምርት ጠንካራ
👉 ተጣጥፎ የሚቀመጥ ቦታ ቆጣቢ


          ዋጋ፦  5,200 ብር✅

ውስን ፍሬ ነው ያለን/ Limited Stock

🏢 አድራሻ ቁ.1 👉 መገናኛ ታሜ ጋስ ህንፃ ጎን ስሪ ኤም ሲቲ ሞል  ሁለተኛ ፎቅ ቢሮ ቁ. SL-05A(ከ ሊፍቱ ፊት ለ ፊት)

📍ቁ.2 👉ለቡ  መዳህኒዓለም ቤተ/ክርስቲያን 100ሜ ወደ ሙዚቃ ቤት ከፍ ብሎ  #ዛም_ሞል 2ኛ ፎቅ ቢሮ.ቁ 214


    📲 0909522840
    📲 0923350054

👍ለቡ ቅርንጫፍ📲0973611819


🔖
💬  በTelegram ለማዘዝ ⤵️ ይጠቀሙ
@shager_onlinestore
  
ለተጨማሪ ማብራሪያ የቴሌግራም ገፃችን⤵️
https://t.me/Shageronlinestore
 ",2025-01-16 10:07:54+00:00,photos\@Shageronlinestore_6206.jpg
Sheger online-store,@Shageronlinestore,6205,"#አልቆል_ለተባላችሁ_በድጋሚ_አስገብተናል 
💥Automatic rotating nozzle

👉360° rotating
👉Avariety of patterns,
👉wide range of irrgation
👉 to save time and efficient

       ዋጋ:-600 Birr

🏢 አድራሻ ቁ.1 👉 መገናኛ ታሜ ጋስ ህንፃ ጎን ስሪ ኤም ሲቲ ሞል  ሁለተኛ ፎቅ ቢሮ ቁ. SL-05A(ከ ሊፍቱ ፊት ለ ፊት)

📍ቁ.2 👉ለቡ  መዳህኒዓለም ቤተ/ክርስቲያን 100ሜ ወደ ሙዚቃ ቤት ከፍ ብሎ  #ዛም_ሞል 2ኛ ፎቅ ቢሮ.ቁ 214


    📲 0909522840
    📲 0923350054

👍ለቡ ቅርንጫፍ📲0973611819


🔖
💬  በTelegram ለማዘዝ ⤵️ ይጠቀሙ
@shager_onlinestore
  
ለተጨማሪ ማብራሪያ የቴሌግራም ገፃችን⤵️
https://t.me/Shageronlinestore
 ",2025-01-16 09:20:43+00:00,photos\@Shageronlinestore_6205.jpg
Sheger online-store,@Shageronlinestore,6204,"💥Bulb Rotating security camera 360°🎥

👉የካሜራውን lens በ ስልክዎ ወደ ፈለጉት አቅጣጫ 360 degree እያዟዟሩ ማየት ሚያስችል

👉በማታ ይቀርፃል። በምሽት አጥርቶ እንዲያሳይ ተደርጎ የተሰራ (night smart vision camera)
👉 የቤትዎትን ውሎ መከታተል የሚችሉበት 360 degree security cameras 
👉እንቅሰቃሴ በሚኖርበት ጊዜ ካሜራው እንቅስቃሴ ወደአየበት አቅጣጫ ተከታትሎ ራሱ የሚዟዟር
👉ሚሞሪ ካርድ የሚቀበል
👉ድምፅ እና ቪዲዮ ይቀዳል

           ዋጋ:-2500 ብር

♦️ውስን ፍሬ ነው ያለው

🏢 አድራሻ ቁ.1 👉 መገናኛ ታሜ ጋስ ህንፃ ጎን ስሪ ኤም ሲቲ ሞል  ሁለተኛ ፎቅ ቢሮ ቁ. SL-05A(ከ ሊፍቱ ፊት ለ ፊት)

📍ቁ.2 👉ለቡ  መዳህኒዓለም ቤተ/ክርስቲያን ፊት ለፊት  #ዛም_ሞል 2ኛ ፎቅ ቢሮ ቁጥር.214


    📲 0909522840
    📲 0923350054

👍ለቡ ቅርንጫፍ📲0973611819

🔖
💬  በTelegram ለማዘዝ ⤵️ ይጠቀሙ
@shager_onlinestore
  
ለተጨማሪ ማብራሪያ የቴሌግራም ገፃችን⤵️
https://t.me/Shageronlinestore",2025-01-16 07:21:13+00:00,
Sheger online-store,@Shageronlinestore,6203,"💥Bulb Rotating security camera 360°🎥

👉የካሜራውን lens በ ስልክዎ ወደ ፈለጉት አቅጣጫ 360 degree እያዟዟሩ ማየት ሚያስችል

👉በማታ ይቀርፃል። በምሽት አጥርቶ እንዲያሳይ ተደርጎ የተሰራ (night smart vision camera)
👉 የቤትዎትን ውሎ መከታተል የሚችሉበት 360 degree security cameras 
👉እንቅሰቃሴ በሚኖርበት ጊዜ ካሜራው እንቅስቃሴ ወደአየበት አቅጣጫ ተከታትሎ ራሱ የሚዟዟር
👉ሚሞሪ ካርድ የሚቀበል
👉ድምፅ እና ቪዲዮ ይቀዳል

           ዋጋ:-2500 ብር

♦️ውስን ፍሬ ነው ያለው

🏢 አድራሻ ቁ.1 👉 መገናኛ ታሜ ጋስ ህንፃ ጎን ስሪ ኤም ሲቲ ሞል  ሁለተኛ ፎቅ ቢሮ ቁ. SL-05A(ከ ሊፍቱ ፊት ለ ፊት)

📍ቁ.2 👉ለቡ  መዳህኒዓለም ቤተ/ክርስቲያን ፊት ለፊት  #ዛም_ሞል 2ኛ ፎቅ ቢሮ ቁጥር.214


    📲 0909522840
    📲 0923350054

👍ለቡ ቅርንጫፍ📲0973611819

🔖
💬  በTelegram ለማዘዝ ⤵️ ይጠቀሙ
@shager_onlinestore
  
ለተጨማሪ ማብራሪያ የቴሌግራም ገፃችን⤵️
https://t.me/Shageronlinestore",2025-01-16 07:21:13+00:00,photos\@Shageronlinestore_6203.jpg
Sheger online-store,@Shageronlinestore,6202,,2025-01-15 16:11:58+00:00,photos\@Shageronlinestore_6202.jpg
Sheger online-store,@Shageronlinestore,6201,,2025-01-15 16:11:58+00:00,photos\@Shageronlinestore_6201.jpg
Sheger online-store,@Shageronlinestore,6200,,2025-01-15 16:11:58+00:00,photos\@Shageronlinestore_6200.jpg
Sheger online-store,@Shageronlinestore,6199,,2025-01-15 16:11:57+00:00,photos\@Shageronlinestore_6199.jpg
Sheger online-store,@Shageronlinestore,6198,,2025-01-15 16:11:57+00:00,photos\@Shageronlinestore_6198.jpg
Sheger online-store,@Shageronlinestore,6197,,2025-01-15 16:11:57+00:00,photos\@Shageronlinestore_6197.jpg
Sheger online-store,@Shageronlinestore,6196,"📣 የልብስ እና የጫማ  ማጠቢያ ማሽን 👟👔

CAPACITY 👉7️⃣.5️⃣KG

✔️አነስተኛ የልብስ እና የጫማ  ማጠቢያ ማሽን  
✔️ለቲሸርት፣ ለጂንስ ፣ለሹራብ፣ለልጆች ዩኒፎርም፣ ለጫማ ወዘተ


✔️በተጨማሪም ጫማ ማጠቢያ ቡሩሽ ያለው 
✔️የራሱ የብረት መጭመቂያ ቅርጫት ያለው
✔️ ከቧንቧ ውሃ ቀጥታ መውሰድ የሚችል
☄️ አነስተኛ የኤሌክትሪክ ፍጆታ 240watt
✔️ከቦታ ቦታ በቀላሉ ተንቀሳቃሽ፡ በጠባብ ቦታ መቀመጥ የሚችልና የውሃ ማስወገጃ ቱቦ ያለው
✔️ውስጡ በአንድ ግዜ እስከ 50ሊትር ውሃ ስለሚይዝ ልብስ በደንብ አፅድቶ ያጥባል

        ዋጋ፦ ✅ 14,800 ብር

ውስን ፍሬ ነው ያለን/ Limited Stock

🏢 አድራሻ ቁ.1 👉 መገናኛ ታሜ ጋስ ህንፃ ጎን ስሪ ኤም ሲቲ ሞል  ሁለተኛ ፎቅ ቢሮ ቁ. SL-05A(ከ ሊፍቱ ፊት ለ ፊት)

📍ቁ.2 👉ለቡ  መዳህኒዓለም ቤተ/ክርስቲያን ፊት ለፊት  #ዛም_ሞል 2ኛ ፎቅ ቢሮ ቁጥር.214


    📲 0909522840
    📲 0923350054

👍ለቡ ቅርንጫፍ📲0973611819

🔖
💬  በTelegram ለማዘዝ ⤵️ ይጠቀሙ
@shager_onlinestore
  
ለተጨማሪ ማብራሪያ የቴሌግራም ገፃችን⤵️
https://t.me/Shageronlinestore",2025-01-15 16:11:57+00:00,photos\@Shageronlinestore_6196.jpg
Sheger online-store,@Shageronlinestore,6195,"📣 የልብስ እና የጫማ  ማጠቢያ ማሽን 👟👔

CAPACITY 👉7️⃣.5️⃣KG

✔️አነስተኛ የልብስ እና የጫማ  ማጠቢያ ማሽን  
✔️ለቲሸርት፣ ለጂንስ ፣ለሹራብ፣ለልጆች ዩኒፎርም፣ ለጫማ ወዘተ


✔️በተጨማሪም ጫማ ማጠቢያ ቡሩሽ ያለው 
✔️የራሱ የብረት መጭመቂያ ቅርጫት ያለው
✔️ ከቧንቧ ውሃ ቀጥታ መውሰድ የሚችል
☄️ አነስተኛ የኤሌክትሪክ ፍጆታ 240watt
✔️ከቦታ ቦታ በቀላሉ ተንቀሳቃሽ፡ በጠባብ ቦታ መቀመጥ የሚችልና የውሃ ማስወገጃ ቱቦ ያለው
✔️ውስጡ በአንድ ግዜ እስከ 50ሊትር ውሃ ስለሚይዝ ልብስ በደንብ አፅድቶ ያጥባል

        ዋጋ፦ ✅ 14,800 ብር

ውስን ፍሬ ነው ያለን/ Limited Stock

🏢 አድራሻ ቁ.1 👉 መገናኛ ታሜ ጋስ ህንፃ ጎን ስሪ ኤም ሲቲ ሞል  ሁለተኛ ፎቅ ቢሮ ቁ. SL-05A(ከ ሊፍቱ ፊት ለ ፊት)

📍ቁ.2 👉ለቡ  መዳህኒዓለም ቤተ/ክርስቲያን ፊት ለፊት  #ዛም_ሞል 2ኛ ፎቅ ቢሮ ቁጥር.214


    📲 0909522840
    📲 0923350054

👍ለቡ ቅርንጫፍ📲0973611819

🔖
💬  በTelegram ለማዘዝ ⤵️ ይጠቀሙ
@shager_onlinestore
  
ለተጨማሪ ማብራሪያ የቴሌግራም ገፃችን⤵️
https://t.me/Shageronlinestore",2025-01-15 16:06:11+00:00,
Sheger online-store,@Shageronlinestore,6194,"💥Anti slip kids shoes 

👉እማያንሸራትት

        ዋጋ:-550ብር

🏢 አድራሻ  👉ቁ.1 መገናኛ ስሪ ኤም ሲቲ ሞል  ሁለተኛ ፎቅ ቢሮ ቁ. SL-05A(ከ ሊፍቱ ፊት ለ ፊት)

📍ቁ.2 👉ለቡ  መዳህኒዓለም ቤተ/ክርስቲያን ፊት ለፊት  #ዛም_ሞል 2ኛ ፎቅ ቢሮ ቁጥር.214


👍ለቡ ቅርንጫፍ📲0973611819



     💧💧💧💧


    📲 0909522840
    📲 0923350054

🔖
💬  በTelegram ለማዘዝ ⤵️ ይጠቀሙ
@shager_onlinestore
  
ለተጨማሪ ማብራሪያ የቴሌግራም ገፃችን⤵️
https://t.me/Shageronlinestore",2025-01-15 13:21:48+00:00,
Sheger online-store,@Shageronlinestore,6193,,2025-01-15 13:21:48+00:00,photos\@Shageronlinestore_6193.jpg
Sheger online-store,@Shageronlinestore,6192,,2025-01-15 13:21:48+00:00,photos\@Shageronlinestore_6192.jpg
Sheger online-store,@Shageronlinestore,6191,,2025-01-15 13:21:48+00:00,photos\@Shageronlinestore_6191.jpg
Sheger online-store,@Shageronlinestore,6190,"💥Anti slip kids shoes 

👉እማያንሸራትት

        ዋጋ:-550ብር

🏢 አድራሻ  👉ቁ.1 መገናኛ ስሪ ኤም ሲቲ ሞል  ሁለተኛ ፎቅ ቢሮ ቁ. SL-05A(ከ ሊፍቱ ፊት ለ ፊት)

📍ቁ.2 👉ለቡ  መዳህኒዓለም ቤተ/ክርስቲያን ፊት ለፊት  #ዛም_ሞል 2ኛ ፎቅ ቢሮ ቁጥር.214


👍ለቡ ቅርንጫፍ📲0973611819



     💧💧💧💧


    📲 0909522840
    📲 0923350054

🔖
💬  በTelegram ለማዘዝ ⤵️ ይጠቀሙ
@shager_onlinestore
  
ለተጨማሪ ማብራሪያ የቴሌግራም ገፃችን⤵️
https://t.me/Shageronlinestore",2025-01-15 13:21:48+00:00,photos\@Shageronlinestore_6190.jpg
Sheger online-store,@Shageronlinestore,6189,"💥 Baby Food Grinder Machine 

🍀 Powerful function features steam, agitation, heating and electronic health
🍀 Save time and energy, it only take you 15 minutes
🍀 Convenient for use. It's no noise, simple, cooking and storing food in one hand
✅#Function: Juicing, stirring, making milkshake, crushing ice, mixing

#Specification:
👉Color: Light Green, 
👉Power: 220V/50Hz
👉Heating power: 300W
👉Mixing power: 120W
👉Capacity: 190ml
👉Use time: 10-15 minutes


              ዋጋ፦6000ብር ✅ 
         

🏢 አድራሻ ቁ.1 👉 መገናኛ ታሜ ጋስ ህንፃ ጎን ስሪ ኤም ሲቲ ሞል  ሁለተኛ ፎቅ ቢሮ ቁ. SL-05A(ከ ሊፍቱ ፊት ለ ፊት)

📍ቁ.2 👉ለቡ  መዳህኒዓለም ቤተ/ክርስቲያን 100ሜ ወደ ሙዚቃ ቤት ከፍ ብሎ  #ዛም_ሞል 2ኛ ፎቅ ቢሮ.ቁ 214


    📲 0909522840
    📲 0923350054

👍ለቡ ቅርንጫፍ📲0973611819


🔖
💬  በTelegram ለማዘዝ ⤵️ ይጠቀሙ
@shager_onlinestore
  
ለተጨማሪ ማብራሪያ የቴሌግራም ገፃችን⤵️
https://t.me/Shageronlinestore
 ",2025-01-15 07:50:03+00:00,photos\@Shageronlinestore_6189.jpg
Sheger online-store,@Shageronlinestore,6188,"💥 Baby Food Grinder Machine 

🍀 Powerful function features steam, agitation, heating and electronic health
🍀 Save time and energy, it only take you 15 minutes
🍀 Convenient for use. It's no noise, simple, cooking and storing food in one hand
✅#Function: Juicing, stirring, making milkshake, crushing ice, mixing

#Specification:
👉Color: Light Green, 
👉Power: 220V/50Hz
👉Heating power: 300W
👉Mixing power: 120W
👉Capacity: 190ml
👉Use time: 10-15 minutes


              ዋጋ፦6000ብር ✅ 
         

🏢 አድራሻ ቁ.1 👉 መገናኛ ታሜ ጋስ ህንፃ ጎን ስሪ ኤም ሲቲ ሞል  ሁለተኛ ፎቅ ቢሮ ቁ. SL-05A(ከ ሊፍቱ ፊት ለ ፊት)

📍ቁ.2 👉ለቡ  መዳህኒዓለም ቤተ/ክርስቲያን 100ሜ ወደ ሙዚቃ ቤት ከፍ ብሎ  #ዛም_ሞል 2ኛ ፎቅ ቢሮ.ቁ 214


    📲 0909522840
    📲 0923350054

👍ለቡ ቅርንጫፍ📲0973611819


🔖
💬  በTelegram ለማዘዝ ⤵️ ይጠቀሙ
@shager_onlinestore
  
ለተጨማሪ ማብራሪያ የቴሌግራም ገፃችን⤵️
https://t.me/Shageronlinestore
 ",2025-01-15 07:35:41+00:00,
Sheger online-store,@Shageronlinestore,6187,"💥 Baby Food Grinder Machine 

🍀 Powerful function features steam, agitation, heating and electronic health
🍀 Save time and energy, it only take you 15 minutes
🍀 Convenient for use. It's no noise, simple, cooking and storing food in one hand
✅#Function: Juicing, stirring, making milkshake, crushing ice, mixing

#Specification:
👉Color: Light Green, 
👉Power: 220V/50Hz
👉Heating power: 300W
👉Mixing power: 120W
👉Capacity: 190ml
👉Use time: 10-15 minutes


              ዋጋ፦6000ብር ✅ 
         

🏢 አድራሻ ቁ.1 👉 መገናኛ ታሜ ጋስ ህንፃ ጎን ስሪ ኤም ሲቲ ሞል  ሁለተኛ ፎቅ ቢሮ ቁ. SL-05A(ከ ሊፍቱ ፊት ለ ፊት)

📍ቁ.2 👉ለቡ  መዳህኒዓለም ቤተ/ክርስቲያን 100ሜ ወደ ሙዚቃ ቤት ከፍ ብሎ  #ዛም_ሞል 2ኛ ፎቅ ቢሮ.ቁ 214


    📲 0909522840
    📲 0923350054

👍ለቡ ቅርንጫፍ📲0973611819


🔖
💬  በTelegram ለማዘዝ ⤵️ ይጠቀሙ
@shager_onlinestore
  
ለተጨማሪ ማብራሪያ የቴሌግራም ገፃችን⤵️
https://t.me/Shageronlinestore
 ",2025-01-15 07:35:41+00:00,
Sheger online-store,@Shageronlinestore,6186,,2025-01-15 04:54:51+00:00,photos\@Shageronlinestore_6186.jpg
Sheger online-store,@Shageronlinestore,6185,,2025-01-15 04:54:51+00:00,photos\@Shageronlinestore_6185.jpg
Sheger online-store,@Shageronlinestore,6184,"📌🔥🥞🔥 እናት ምጣድ 🔥🥞

⚡️  46 cm ስፋት
⚡️  ሙሉ በሙሉ ዲጂታል
⚡️ ሟሟሸት ማሰስ የማይፈልግ

🧆ለእንጀራ

🍕ለፒዛ 

🫓 ለቆጮ

🥟 ለአንባሻ

🥞ለፓን ኬክ

🥩 ለጥብሳጥብስ

🌮ለቂጣ ዘሮች በሙሉ መዋል ይችላል::

         ዋጋ፦14,000ብር✅

                 

 ♦️ውስን ፍሬ ነው ያለው

🏢 አድራሻ ቁ.1 👉 መገናኛ ስሪ ኤም ሲቲ ሞል  ሁለተኛ ፎቅ ቢሮ ቁ. SL-05A(ከ ሊፍቱ ፊት ለ ፊት)

📍ቁ.2 👉ለቡ  መዳህኒዓለም ቤተ/ክርስቲያን ፊት ለፊት  #ዛም_ሞል 2ኛ ፎቅ ቢሮ ቁጥር.214

👍ለቡ ቅርንጫፍ📲0973611819


     💧💧💧💧


    📲 0909522840
    📲 0923350054

🔖
💬  በTelegram ለማዘዝ ⤵️ ይጠቀሙ
@shager_onlinestore
  
ለተጨማሪ ማብራሪያ የቴሌግራም ገፃችን⤵️
https://t.me/Shageronlinestore",2025-01-15 04:54:51+00:00,photos\@Shageronlinestore_6184.jpg
Sheger online-store,@Shageronlinestore,6183,,2025-01-14 15:03:35+00:00,photos\@Shageronlinestore_6183.jpg
Sheger online-store,@Shageronlinestore,6182,,2025-01-14 15:03:35+00:00,photos\@Shageronlinestore_6182.jpg
Sheger online-store,@Shageronlinestore,6181,,2025-01-14 15:03:34+00:00,photos\@Shageronlinestore_6181.jpg
Sheger online-store,@Shageronlinestore,6180,,2025-01-14 15:03:34+00:00,photos\@Shageronlinestore_6180.jpg
Sheger online-store,@Shageronlinestore,6179,"💥 single Set serving acrylic Tray with golden and silver handle

✨ለኬክ,ለፍሩት እና ለተለያዩ ዲዘርት ነገሮች ማቅረቢያ
✨ የማይጫጫር የማይመነችክ ሰርቪሶች
✨acrylic ስለሆነ ቶሎ አይሰበርም
✨እረጅም ጊዜ ውበቱን ጠብቆ የሚቆይ

     ዋጋ:-1100ብር✅✅

❌ዉስን ፍሬ ነው ያለን❌
❌ limited stock❌

🏢 አድራሻ ቁ.1 👉 መገናኛ ታሜ ጋስ ህንፃ ጎን ስሪ ኤም ሲቲ ሞል  ሁለተኛ ፎቅ ቢሮ ቁ. SL-05A(ከ ሊፍቱ ፊት ለ ፊት)

📍ቁ.2 👉ለቡ  መዳህኒዓለም ቤተ/ክርስቲያን 100ሜ ወደ ሙዚቃ ቤት ከፍ ብሎ  #ዛም_ሞል 2ኛ ፎቅ ቢሮ.ቁ 214


    📲 0909522840
    📲 0923350054

👍ለቡ ቅርንጫፍ📲0973611819


🔖
💬  በTelegram ለማዘዝ ⤵️ ይጠቀሙ
@shager_onlinestore
  
ለተጨማሪ ማብራሪያ የቴሌግራም ገፃችን⤵️
https://t.me/Shageronlinestore
 ",2025-01-14 15:03:34+00:00,photos\@Shageronlinestore_6179.jpg
Sheger online-store,@Shageronlinestore,6178,,2025-01-14 10:00:31+00:00,photos\@Shageronlinestore_6178.jpg
Sheger online-store,@Shageronlinestore,6177,,2025-01-14 10:00:31+00:00,photos\@Shageronlinestore_6177.jpg
Sheger online-store,@Shageronlinestore,6176,,2025-01-14 10:00:31+00:00,photos\@Shageronlinestore_6176.jpg
Sheger online-store,@Shageronlinestore,6175,,2025-01-14 10:00:31+00:00,photos\@Shageronlinestore_6175.jpg
Sheger online-store,@Shageronlinestore,6174,,2025-01-14 10:00:31+00:00,photos\@Shageronlinestore_6174.jpg
Sheger online-store,@Shageronlinestore,6173,"💥3pcs glass food storage jars with ball shaped wood lid

  ⚡️ሶስት የተለያየ መጠን ያላቸው 
  ⚡️ውብ እና ጠንካራ
  ⚡️ለጁስ መጠጫነትም መጠቀም የምንችለው
  ⚡️clear glass jar with sealed cork

      ዋጋ:-2500ብር✅

ውስን ፍሬ ነው ያለን/ Limited Stock

🏢 አድራሻ ቁ.1 👉 መገናኛ ታሜ ጋስ ህንፃ ጎን ስሪ ኤም ሲቲ ሞል  ሁለተኛ ፎቅ ቢሮ ቁ. SL-05A(ከ ሊፍቱ ፊት ለ ፊት)

📍ቁ.2 👉ለቡ  መዳህኒዓለም ቤተ/ክርስቲያን 100ሜ ወደ ሙዚቃ ቤት ከፍ ብሎ  #ዛም_ሞል 2ኛ ፎቅ ቢሮ.ቁ 214


    📲 0909522840
    📲 0923350054

👍ለቡ ቅርንጫፍ📲0973611819


🔖
💬  በTelegram ለማዘዝ ⤵️ ይጠቀሙ
@shager_onlinestore
  
ለተጨማሪ ማብራሪያ የቴሌግራም ገፃችን⤵️
https://t.me/Shageronlinestore
 ",2025-01-14 10:00:31+00:00,photos\@Shageronlinestore_6173.jpg
Sheger online-store,@Shageronlinestore,6172,"💥3pcs glass food storage jars with ball shaped wood lid

  ⚡️ሶስት የተለያየ መጠን ያላቸው 
  ⚡️ውብ እና ጠንካራ
  ⚡️ለጁስ መጠጫነትም መጠቀም የምንችለው
  ⚡️clear glass jar with sealed cork

      ዋጋ:-2500ብር✅

ውስን ፍሬ ነው ያለን/ Limited Stock

🏢 አድራሻ ቁ.1 👉 መገናኛ ታሜ ጋስ ህንፃ ጎን ስሪ ኤም ሲቲ ሞል  ሁለተኛ ፎቅ ቢሮ ቁ. SL-05A(ከ ሊፍቱ ፊት ለ ፊት)

📍ቁ.2 👉ለቡ  መዳህኒዓለም ቤተ/ክርስቲያን 100ሜ ወደ ሙዚቃ ቤት ከፍ ብሎ  #ዛም_ሞል 2ኛ ፎቅ ቢሮ.ቁ 214


    📲 0909522840
    📲 0923350054

👍ለቡ ቅርንጫፍ📲0973611819


🔖
💬  በTelegram ለማዘዝ ⤵️ ይጠቀሙ
@shager_onlinestore
  
ለተጨማሪ ማብራሪያ የቴሌግራም ገፃችን⤵️
https://t.me/Shageronlinestore
 ",2025-01-14 10:00:01+00:00,
Sheger online-store,@Shageronlinestore,6171,"💥3pcs glass food storage jars with ball shaped wood lid

  ⚡️ሶስት የተለያየ መጠን ያላቸው 
  ⚡️ውብ እና ጠንካራ
  ⚡️ለጁስ መጠጫነትም መጠቀም የምንችለው
  ⚡️clear glass jar with sealed cork

      ዋጋ:-2500ብር✅

ውስን ፍሬ ነው ያለን/ Limited Stock

🏢 አድራሻ ቁ.1 👉 መገናኛ ታሜ ጋስ ህንፃ ጎን ስሪ ኤም ሲቲ ሞል  ሁለተኛ ፎቅ ቢሮ ቁ. SL-05A(ከ ሊፍቱ ፊት ለ ፊት)

📍ቁ.2 👉ለቡ  መዳህኒዓለም ቤተ/ክርስቲያን 100ሜ ወደ ሙዚቃ ቤት ከፍ ብሎ  #ዛም_ሞል 2ኛ ፎቅ ቢሮ.ቁ 214


    📲 0909522840
    📲 0923350054

👍ለቡ ቅርንጫፍ📲0973611819


🔖
💬  በTelegram ለማዘዝ ⤵️ ይጠቀሙ
@shager_onlinestore
  
ለተጨማሪ ማብራሪያ የቴሌግራም ገፃችን⤵️
https://t.me/Shageronlinestore
 ",2025-01-14 10:00:01+00:00,
Sheger online-store,@Shageronlinestore,6170,,2025-01-14 07:12:36+00:00,photos\@Shageronlinestore_6170.jpg
Sheger online-store,@Shageronlinestore,6169,,2025-01-14 07:12:35+00:00,photos\@Shageronlinestore_6169.jpg
Sheger online-store,@Shageronlinestore,6168,"💥wall mounted liquid soap dispenser

👉500ml

         
          ዋጋ:-900 ብር✅

ውስን ፍሬ ነው ያለን/ Limited Stock

🏢 አድራሻ ቁ.1 👉 መገናኛ ታሜ ጋስ ህንፃ ጎን ስሪ ኤም ሲቲ ሞል  ሁለተኛ ፎቅ ቢሮ ቁ. SL-05A(ከ ሊፍቱ ፊት ለ ፊት)

📍ቁ.2 👉ለቡ  መዳህኒዓለም ቤተ/ክርስቲያን 100ሜ ወደ ሙዚቃ ቤት ከፍ ብሎ  #ዛም_ሞል 2ኛ ፎቅ ቢሮ.ቁ 214


    📲 0909522840
    📲 0923350054

👍ለቡ ቅርንጫፍ📲0973611819


🔖
💬  በTelegram ለማዘዝ ⤵️ ይጠቀሙ
@shager_onlinestore
  
ለተጨማሪ ማብራሪያ የቴሌግራም ገፃችን⤵️
https://t.me/Shageronlinestore
 ",2025-01-14 07:12:35+00:00,photos\@Shageronlinestore_6168.jpg
Sheger online-store,@Shageronlinestore,6167,"⚡️Waterproof flexible rubber coating spray

             Orginal💯

✅ለሮቶ፥ለጣሪያ እና ለቧንቧ leakage መጠገኛ

⭐️ለሚፈጠሩብን የፍሳሽ ችግሮች መፍትሄ የሚሰጠን

😏for Pipe Leakage 
😏 for Roof Water Leakage Solution 
🤨 Great for Surface Crack, gutters,concrete,windows,Pipe Rupture,floor tile and more ..

🔖net:-700ml

  ዋጋ፦  💰🏷  1200 ብር

ውስን ፍሬ ነው ያለን/ Limited Stock

🏢 አድራሻ ቁ.1 👉 መገናኛ ታሜ ጋስ ህንፃ ጎን ስሪ ኤም ሲቲ ሞል  ሁለተኛ ፎቅ ቢሮ ቁ. SL-05A(ከ ሊፍቱ ፊት ለ ፊት)

📍ቁ.2 👉ለቡ  መዳህኒዓለም ቤተ/ክርስቲያን 100ሜ ወደ ሙዚቃ ቤት ከፍ ብሎ  #ዛም_ሞል 2ኛ ፎቅ ቢሮ.ቁ 214


    📲 0909522840
    📲 0923350054

👍ለቡ ቅርንጫፍ📲0973611819


🔖
💬  በTelegram ለማዘዝ ⤵️ ይጠቀሙ
@shager_onlinestore
  
ለተጨማሪ ማብራሪያ የቴሌግራም ገፃችን⤵️
https://t.me/Shageronlinestore
 ",2025-01-13 16:39:43+00:00,
Sheger online-store,@Shageronlinestore,6166,"⚡️ Waterproof flexible rubber coating spray

             Orginal💯

✅ለሮቶ፥ለጣሪያ እና ለቧንቧ leakage መጠገኛ

⭐️ለሚፈጠሩብን የፍሳሽ ችግሮች መፍትሄ የሚሰጠን

😏for Pipe Leakage 
😏 for Roof Water Leakage Solution 
🤨 Great for Surface Crack, gutters,concrete,windows,Pipe Rupture,floor tile and more ..

🔖net:-700ml

  ዋጋ፦  💰🏷  1200 ብር

ውስን ፍሬ ነው ያለን/ Limited Stock

🏢 አድራሻ ቁ.1 👉 መገናኛ ታሜ ጋስ ህንፃ ጎን ስሪ ኤም ሲቲ ሞል  ሁለተኛ ፎቅ ቢሮ ቁ. SL-05A(ከ ሊፍቱ ፊት ለ ፊት)

📍ቁ.2 👉ለቡ  መዳህኒዓለም ቤተ/ክርስቲያን 100ሜ ወደ ሙዚቃ ቤት ከፍ ብሎ  #ዛም_ሞል 2ኛ ፎቅ ቢሮ.ቁ 214


    📲 0909522840
    📲 0923350054

👍ለቡ ቅርንጫፍ📲0973611819


🔖
💬  በTelegram ለማዘዝ ⤵️ ይጠቀሙ
@shager_onlinestore
  
ለተጨማሪ ማብራሪያ የቴሌግራም ገፃችን⤵️
https://t.me/Shageronlinestore
 ",2025-01-13 16:32:57+00:00,photos\@Shageronlinestore_6166.jpg
Sheger online-store,@Shageronlinestore,6165,"#አልቆል_ለተባላችሁ_በድጋሚ_አስገብተናል 
💥Automatic rotating nozzle

👉360° rotating
👉Avariety of patterns,
👉wide range of irrgation
👉 to save time and efficient

       ዋጋ:-600 Birr

🏢 አድራሻ ቁ.1 👉 መገናኛ ታሜ ጋስ ህንፃ ጎን ስሪ ኤም ሲቲ ሞል  ሁለተኛ ፎቅ ቢሮ ቁ. SL-05A(ከ ሊፍቱ ፊት ለ ፊት)

📍ቁ.2 👉ለቡ  መዳህኒዓለም ቤተ/ክርስቲያን 100ሜ ወደ ሙዚቃ ቤት ከፍ ብሎ  #ዛም_ሞል 2ኛ ፎቅ ቢሮ.ቁ 214


    📲 0909522840
    📲 0923350054

👍ለቡ ቅርንጫፍ📲0973611819


🔖
💬  በTelegram ለማዘዝ ⤵️ ይጠቀሙ
@shager_onlinestore
  
ለተጨማሪ ማብራሪያ የቴሌግራም ገፃችን⤵️
https://t.me/Shageronlinestore
 ",2025-01-13 08:46:23+00:00,photos\@Shageronlinestore_6165.jpg
Sheger online-store,@Shageronlinestore,6164,"💥Automatic rotating nozzle

👉360° rotating
👉Avariety of patterns,
👉wide range of irrgation
👉 to save time and efficient

       ዋጋ:-600 Birr

🏢 አድራሻ ቁ.1 👉 መገናኛ ታሜ ጋስ ህንፃ ጎን ስሪ ኤም ሲቲ ሞል  ሁለተኛ ፎቅ ቢሮ ቁ. SL-05A(ከ ሊፍቱ ፊት ለ ፊት)

📍ቁ.2 👉ለቡ  መዳህኒዓለም ቤተ/ክርስቲያን 100ሜ ወደ ሙዚቃ ቤት ከፍ ብሎ  #ዛም_ሞል 2ኛ ፎቅ ቢሮ.ቁ 214


    📲 0909522840
    📲 0923350054

👍ለቡ ቅርንጫፍ📲0973611819


🔖
💬  በTelegram ለማዘዝ ⤵️ ይጠቀሙ
@shager_onlinestore
  
ለተጨማሪ ማብራሪያ የቴሌግራም ገፃችን⤵️
https://t.me/Shageronlinestore
 ",2025-01-13 08:46:06+00:00,
Sheger online-store,@Shageronlinestore,6163,"💥Automatic rotating nozzle

👉360° rotating
👉Avariety of patterns,
👉wide range of irrgation
👉 to save time and efficient

       ዋጋ:-600 Birr

🏢 አድራሻ ቁ.1 👉 መገናኛ ታሜ ጋስ ህንፃ ጎን ስሪ ኤም ሲቲ ሞል  ሁለተኛ ፎቅ ቢሮ ቁ. SL-05A(ከ ሊፍቱ ፊት ለ ፊት)

📍ቁ.2 👉ለቡ  መዳህኒዓለም ቤተ/ክርስቲያን 100ሜ ወደ ሙዚቃ ቤት ከፍ ብሎ  #ዛም_ሞል 2ኛ ፎቅ ቢሮ.ቁ 214


    📲 0909522840
    📲 0923350054

👍ለቡ ቅርንጫፍ📲0973611819


🔖
💬  በTelegram ለማዘዝ ⤵️ ይጠቀሙ
@shager_onlinestore
  
ለተጨማሪ ማብራሪያ የቴሌግራም ገፃችን⤵️
https://t.me/Shageronlinestore
 ",2025-01-13 08:45:27+00:00,photos\@Shageronlinestore_6163.jpg
Sheger online-store,@Shageronlinestore,6162,"➡️ Door Bottom Seal Strip Stopper 
💯 High Quality 
®️ አንደኛው ወፍራሙ 

✅Keep Hot and Cold Air isolated 
✅ Reduce The Noise Outside and Door slamming 
✅ No 🦟 🪰 🐀 🪳🕷️🐛🦗
    
Size  93cm * 10cm 

   💰ዋጋ፦  ✅ 400 ብር 


🏢 አድራሻ  ቁ.1👉 መገናኛ ስሪ ኤም ሲቲ ሞል  ሁለተኛ ፎቅ ቢሮ ቁ. SL-05A(ከ ሊፍቱ ፊት ለ ፊት)

📍ቁ.2 👉ለቡ  መዳህኒዓለም ቤተ/ክርስቲያን ፊት ለፊት  #ዛም_ሞል 2ኛ ፎቅ ቢሮ ቁጥር.214


👍ለቡ ቅርንጫፍ📲0973611819



    📲 0909522840
    📲 0923350054

🔖
💬  በTelegram ለማዘዝ ⤵️ ይጠቀሙ
@shager_onlinestore
  
ለተጨማሪ ማብራሪያ የቴሌግራም ገፃችን⤵️
https://t.me/Shageronlinestore",2025-01-13 06:12:26+00:00,
Sheger online-store,@Shageronlinestore,6161,,2025-01-13 06:12:26+00:00,photos\@Shageronlinestore_6161.jpg
Sheger online-store,@Shageronlinestore,6160,"⚡️ Door Bottom Seal Strip Stopper 
💯 High Quality 
®️ አንደኛው ወፍራሙ 

✅Keep Hot and Cold Air isolated 
✅ Reduce The Noise Outside and Door slamming 
✅ No 🦟 🪰 🐀 🪳🕷️🐛🦗
    
Size  93cm * 10cm 

   💰ዋጋ፦  🔠 400 ብር 


🏢 አድራሻ  ቁ.1👉 መገናኛ ስሪ ኤም ሲቲ ሞል  ሁለተኛ ፎቅ ቢሮ ቁ. SL-05A(ከ ሊፍቱ ፊት ለ ፊት)

📍ቁ.2 👉ለቡ  መዳህኒዓለም ቤተ/ክርስቲያን ፊት ለፊት  #ዛም_ሞል 2ኛ ፎቅ ቢሮ ቁጥር.214


👍ለቡ ቅርንጫፍ📲0973611819



    📲 0909522840
    📲 0923350054

🔖
💬  በTelegram ለማዘዝ ⤵️ ይጠቀሙ
@shager_onlinestore
  
ለተጨማሪ ማብራሪያ የቴሌግራም ገፃችን⤵️
https://t.me/Shageronlinestore",2025-01-13 06:12:26+00:00,photos\@Shageronlinestore_6160.jpg
Sheger online-store,@Shageronlinestore,6159,,2025-01-11 07:43:56+00:00,photos\@Shageronlinestore_6159.jpg
Sheger online-store,@Shageronlinestore,6158,,2025-01-11 07:43:56+00:00,photos\@Shageronlinestore_6158.jpg
Sheger online-store,@Shageronlinestore,6157,,2025-01-11 07:43:56+00:00,photos\@Shageronlinestore_6157.jpg
Sheger online-store,@Shageronlinestore,6156,"💥  💥.........................💥💥
📣 Adjustable Laptop & Tablet Stand (የብረቱ)

           💯High Quality

✔️  ላፕቶፕ   ጭን ላይ አስቀምጠው መጠቀም ለከፋ ጉዳት እንደሚያጋልጥ የጤና ባለሙያዎች ይናገራሉ ፤ እንዲሁም ቴብል ላይ አድርገዉ ሲጠቀሙ ፋኑ ስለሚደፈን  ከፍተኛ ሙቀት በመጠር ድምፅ ያሰማል። 
✔️   ለዚህ   ሁሉ መፍትሄ ተጣጣፊ የላፕቶፕ ፣ ታብሌት Holder በተመጣጣኝ ዋጋ ገዝተዉ የእርስዎንና የላፕቶፕዎን ጤንነት ይጠብቁ።

🔥 Available Color:


          ዋጋ፦ 1000ብር✔️

🏢 አድራሻ ቁ.1 👉 መገናኛ ታሜ ጋስ ህንፃ ጎን ስሪ ኤም ሲቲ ሞል  ሁለተኛ ፎቅ ቢሮ ቁ. SL-05A(ከ ሊፍቱ ፊት ለ ፊት)

📍ቁ.2 👉ለቡ  መዳህኒዓለም ቤተ/ክርስቲያን 100ሜ ወደ ሙዚቃ ቤት ከፍ ብሎ  #ዛም_ሞል 2ኛ ፎቅ ቢሮ.ቁ 214


    📲 0909522840
    📲 0923350054

👍ለቡ ቅርንጫፍ📲0973611819


🔖
💬  በTelegram ለማዘዝ ⤵️ ይጠቀሙ
@shager_onlinestore
  
ለተጨማሪ ማብራሪያ የቴሌግራም ገፃችን⤵️
https://t.me/Shageronlinestore
 ",2025-01-11 07:43:56+00:00,photos\@Shageronlinestore_6156.jpg
Sheger online-store,@Shageronlinestore,6155,"💥  💥.........................💥💥
📣 Adjustable Laptop & Tablet Stand (የብረቱ)

           💯High Quality

 ✔️  ላፕቶፕ   ጭን ላይ አስቀምጠው መጠቀም ለከፋ ጉዳት እንደሚያጋልጥ የጤና ባለሙያዎች ይናገራሉ ፤ እንዲሁም ቴብል ላይ አድርገዉ ሲጠቀሙ ፋኑ ስለሚደፈን  ከፍተኛ ሙቀት በመጠር ድምፅ ያሰማል። 
✔️   ለዚህ   ሁሉ መፍትሄ ተጣጣፊ የላፕቶፕ ፣ ታብሌት Holder በተመጣጣኝ ዋጋ ገዝተዉ የእርስዎንና የላፕቶፕዎን ጤንነት ይጠብቁ።

🔥 Available Color:


          ዋጋ፦ 1000ብር✔️

🏢 አድራሻ ቁ.1 👉 መገናኛ ታሜ ጋስ ህንፃ ጎን ስሪ ኤም ሲቲ ሞል  ሁለተኛ ፎቅ ቢሮ ቁ. SL-05A(ከ ሊፍቱ ፊት ለ ፊት)

📍ቁ.2 👉ለቡ  መዳህኒዓለም ቤተ/ክርስቲያን 100ሜ ወደ ሙዚቃ ቤት ከፍ ብሎ  #ዛም_ሞል 2ኛ ፎቅ ቢሮ.ቁ 214


    📲 0909522840
    📲 0923350054

👍ለቡ ቅርንጫፍ📲0973611819


🔖
💬  በTelegram ለማዘዝ ⤵️ ይጠቀሙ
@shager_onlinestore
  
ለተጨማሪ ማብራሪያ የቴሌግራም ገፃችን⤵️
https://t.me/Shageronlinestore
 ",2025-01-11 07:42:20+00:00,
Sheger online-store,@Shageronlinestore,6154,,2025-01-10 17:17:53+00:00,photos\@Shageronlinestore_6154.jpg
Sheger online-store,@Shageronlinestore,6153,"🌟⭐️⭐️.......⭐️⭐️⭐️
👉ፈሳሽ የማያሳልፋ የልጆች አንሶላ

             ዋጋ:-650ብር

🔠ዉስን ፍሬ ነው ያለን
🔠 limited stock

🏢 አድራሻ ቁ.1 👉 መገናኛ ታሜ ጋስ ህንፃ ጎን ስሪ ኤም ሲቲ ሞል  ሁለተኛ ፎቅ ቢሮ ቁ. SL-05A(ከ ሊፍቱ ፊት ለ ፊት)

📍ቁ.2 👉ለቡ  መዳህኒዓለም ቤተ/ክርስቲያን ፊት ለፊት  #ዛም_ሞል 2ኛ ፎቅ ቢሮ ቁጥር.214


    📲 0909522840
    📲 0923350054

👍ለቡ ቅርንጫፍ📲0973611819

🔖
💬  በTelegram ለማዘዝ ⤵️ ይጠቀሙ
@shager_onlinestore
  
ለተጨማሪ ማብራሪያ የቴሌግራም ገፃችን⤵️
https://t.me/Shageronlinestore",2025-01-10 17:17:53+00:00,photos\@Shageronlinestore_6153.jpg
Sheger online-store,@Shageronlinestore,6152,"💯         💯          💯   

💥  Nova የፀጉር ፔስትራ

⭐️ከ160-220° የሙቀት መቆጣጠሪያ ያለዉ
⭐️የሙቀት መቀነሻ መጨመሪያ ያለው
⭐️ለየት ባለ ዲዛይን ፀጉር የሚያስዉብ

        💅 💅  💅

     ዋጋ፦  🏷  1200 ብር🔠


🔠ዉስን ፍሬ ነው ያለን
🔠 limited stock

🏢 አድራሻ ቁ.1 👉 መገናኛ ታሜ ጋስ ህንፃ ጎን ስሪ ኤም ሲቲ ሞል  ሁለተኛ ፎቅ ቢሮ ቁ. SL-05A(ከ ሊፍቱ ፊት ለ ፊት)

📍ቁ.2 👉ለቡ  መዳህኒዓለም ቤተ/ክርስቲያን ፊት ለፊት  #ዛም_ሞል 2ኛ ፎቅ ቢሮ ቁጥር.214


    📲 0909522840
    📲 0923350054

👍ለቡ ቅርንጫፍ📲0973611819

🔖
💬  በTelegram ለማዘዝ ⤵️ ይጠቀሙ
@shager_onlinestore
  
ለተጨማሪ ማብራሪያ የቴሌግራም ገፃችን⤵️
https://t.me/Shageronlinestore",2025-01-10 07:41:18+00:00,photos\@Shageronlinestore_6152.jpg
Sheger online-store,@Shageronlinestore,6151,,2025-01-09 18:34:04+00:00,photos\@Shageronlinestore_6151.jpg
Sheger online-store,@Shageronlinestore,6150,,2025-01-09 18:34:04+00:00,photos\@Shageronlinestore_6150.jpg
Sheger online-store,@Shageronlinestore,6149,,2025-01-09 18:34:04+00:00,photos\@Shageronlinestore_6149.jpg
Sheger online-store,@Shageronlinestore,6148,,2025-01-09 18:34:04+00:00,photos\@Shageronlinestore_6148.jpg
Sheger online-store,@Shageronlinestore,6147,"💥Led selfie and video light

⚡️Rechargeable 
⚡️different color changing mode
⚡️compatible for any mobile phones and laptops
⚡️for better quality video's 
⚡️ለዩቲዩብ, ቲክ ቶክ እና ፌስቡክ ቀጥታ ስርጭት/ቭሎግ ቀረፃ እንዲሁም ፎቶ ለመነሳት ሁነኝ ተመራጭ

         ዋጋ:-1200ብር

🏢 አድራሻ ቁ.1 👉 መገናኛ ታሜ ጋስ ህንፃ ጎን ስሪ ኤም ሲቲ ሞል  ሁለተኛ ፎቅ ቢሮ ቁ. SL-05A(ከ ሊፍቱ ፊት ለ ፊት)

📍ቁ.2 👉ለቡ  መዳህኒዓለም ቤተ/ክርስቲያን 100ሜ ወደ ሙዚቃ ቤት ከፍ ብሎ  #ዛም_ሞል 2ኛ ፎቅ ቢሮ.ቁ 214


    📲 0909522840
    📲 0923350054

👍ለቡ ቅርንጫፍ📲0973611819


🔖
💬  በTelegram ለማዘዝ ⤵️ ይጠቀሙ
@shager_onlinestore
  
ለተጨማሪ ማብራሪያ የቴሌግራም ገፃችን⤵️
https://t.me/Shageronlinestore
 ",2025-01-09 18:34:04+00:00,photos\@Shageronlinestore_6147.jpg
Sheger online-store,@Shageronlinestore,6146,"💥 ለኦንሊ ጡጦ ጫፎች መቀየሪያ 


    ዋጋ፦ 2pack:- 400 ብር ✅


ውስን ፍሬ ነው ያለን/ Limited Stock 

🏢 አድራሻ ቁ.1 👉 መገናኛ ታሜ ጋስ ህንፃ ጎን ስሪ ኤም ሲቲ ሞል  ሁለተኛ ፎቅ ቢሮ ቁ. SL-05A(ከ ሊፍቱ ፊት ለ ፊት)

📍ቁ.2 👉ለቡ  መዳህኒዓለም ቤተ/ክርስቲያን 100ሜ ወደ ሙዚቃ ቤት ከፍ ብሎ  #ዛም_ሞል 2ኛ ፎቅ ቢሮ.ቁ 214


    📲 0909522840
    📲 0923350054

👍ለቡ ቅርንጫፍ📲0973611819


🔖
💬  በTelegram ለማዘዝ ⤵️ ይጠቀሙ
@shager_onlinestore
  
ለተጨማሪ ማብራሪያ የቴሌግራም ገፃችን⤵️
https://t.me/Shageronlinestore
 ",2025-01-09 10:52:50+00:00,photos\@Shageronlinestore_6146.jpg
Sheger online-store,@Shageronlinestore,6145,"💥 Electric Hair Steamer Cap
 
         💯 High Quality 

🔰የፀጉር እስቲመር ትሪትመንት ወይም ቅቤ ተቀብተው በቤቶ ሆነው የሚጠቀሙበት

    ዋጋ፦ 800 ብር✅


♦️ውስን ፍሬ ነው ያለው 

🏢 አድራሻ ቁ.1 👉 መገናኛ ታሜ ጋስ ህንፃ ጎን ስሪ ኤም ሲቲ ሞል  ሁለተኛ ፎቅ ቢሮ ቁ. SL-05A(ከ ሊፍቱ ፊት ለ ፊት)

📍ቁ.2 👉ለቡ  መዳህኒዓለም ቤተ/ክርስቲያን ፊት ለፊት  #ዛም_ሞል 2ኛ ፎቅ ቢሮ ቁጥር.214


    📲 0909522840
    📲 0923350054

👍ለቡ ቅርንጫፍ📲0973611819

🔖
💬  በTelegram ለማዘዝ ⤵️ ይጠቀሙ
@shager_onlinestore
  
ለተጨማሪ ማብራሪያ የቴሌግራም ገፃችን⤵️
https://t.me/Shageronlinestore",2025-01-09 06:39:09+00:00,
Sheger online-store,@Shageronlinestore,6144,,2025-01-09 06:39:09+00:00,photos\@Shageronlinestore_6144.jpg
Sheger online-store,@Shageronlinestore,6143,,2025-01-09 06:39:09+00:00,photos\@Shageronlinestore_6143.jpg
Sheger online-store,@Shageronlinestore,6142,"🎯Electric Hair Steamer Cap 
         💯 High Quality 

🔰የፀጉር እስቲመር ትሪትመንት ወይም ቅቤ ተቀብተው በቤቶ ሆነው የሚጠቀሙበት

ዋጋ፦  🏷800✅


♦️ውስን ፍሬ ነው ያለው

🏢 አድራሻ ቁ.1 👉 መገናኛ ታሜ ጋስ ህንፃ ጎን ስሪ ኤም ሲቲ ሞል  ሁለተኛ ፎቅ ቢሮ ቁ. SL-05A(ከ ሊፍቱ ፊት ለ ፊት)

📍ቁ.2 👉ለቡ  መዳህኒዓለም ቤተ/ክርስቲያን ፊት ለፊት  #ዛም_ሞል 2ኛ ፎቅ ቢሮ ቁጥር.214


    📲 0909522840
    📲 0923350054

👍ለቡ ቅርንጫፍ📲0973611819

🔖
💬  በTelegram ለማዘዝ ⤵️ ይጠቀሙ
@shager_onlinestore
  
ለተጨማሪ ማብራሪያ የቴሌግራም ገፃችን⤵️
https://t.me/Shageronlinestore",2025-01-09 06:39:09+00:00,photos\@Shageronlinestore_6142.jpg
Sheger online-store,@Shageronlinestore,6141,,2025-01-09 06:39:09+00:00,photos\@Shageronlinestore_6141.jpg
Sheger online-store,@Shageronlinestore,6140,"🎄🎄ለመላው የክርስትና እምነት ተከታዮች በሙሉ፣እንኳን ለገና በዓል በሰላም አደረሳችሁ!

     🎄መልካም የገና በዓል🎄


🏢 አድራሻ ቁ.1 👉 መገናኛ ታሜ ጋስ ህንፃ ጎን ስሪ ኤም ሲቲ ሞል  ሁለተኛ ፎቅ ቢሮ ቁ. SL-05A(ከ ሊፍቱ ፊት ለ ፊት)

📍ቁ.2 👉ለቡ  መዳህኒዓለም ቤተ/ክርስቲያን 100ሜ ወደ ሙዚቃ ቤት ከፍ ብሎ  #ዛም_ሞል 2ኛ ፎቅ ቢሮ.ቁ 214


    📲 0909522840
    📲 0923350054

👍ለቡ ቅርንጫፍ📲0973611819


🔖
💬  በTelegram ለማዘዝ ⤵️ ይጠቀሙ
@shager_onlinestore
  
ለተጨማሪ ማብራሪያ የቴሌግራም ገፃችን⤵️
https://t.me/Shageronlinestore
 ",2025-01-07 07:56:54+00:00,photos\@Shageronlinestore_6140.jpg
Sheger online-store,@Shageronlinestore,6139,"🌟 Reusable convenience LVy Grip Tape
💯High Quality 
®️ ውፍራም ቲክነስ ያለው አንደኛው
#ሕይወትዎን_የሚያቀል_ፕላስተር
⚡️ቆራርጠን መጠቀም የምንችለዉ
⚡️በ ሁለቱም ጎን አጣብቆ መያዝ የሚችል
⚡️ታጥቦ እንደገና ጥቅም ላይ ሊውል የሚችል 
⚡️ለስራ ቦታ ፣ለኪችንዎ... ተመራጭ

🪞Size: 3 Meter 
🪞 Double Sided Tape 
🪞Reusable,  Removable & Washable 
🪞 Ivy Grip Tape Life Magic Tape 
🪞Seamless hook, 
🪞nano-sol all-purpose tape


ዋጋ፦  💰🏷  3ሜትር 500 ብር

📍ውስን ፍሬ ነው ያለን/ Limited Stock

🏢 አድራሻ  ቁ.1👉 መገናኛ ታሜ ጋስ ህንፃ ጎን ስሪ ኤም ሲቲ ሞል  ሁለተኛ ፎቅ ቢሮ ቁ. SL-05A(ከ ሊፍቱ ፊት ለ ፊት)

📍ቁ.2 👉ለቡ  መዳህኒዓለም ቤተ/ክርስቲያን ፊት ለፊት  #ዛም_ሞል 2ኛ ፎቅ ቢሮ ቁጥር.214


👍ለቡ ቅርንጫፍ📲0985511819



     💧💧💧💧


    📲 0909522840
    📲 0923350054

🔖
💬  በTelegram ለማዘዝ ⤵️ ይጠቀሙ
@shager_onlinestore
  
ለተጨማሪ ማብራሪያ የቴሌግራም ገፃችን⤵️
https://t.me/Shageronlinestore",2025-01-06 07:11:52+00:00,
Sheger online-store,@Shageronlinestore,6138,"🌟 Reusable convenience LVy Grip Tape
💯High Quality 
®️ ውፍራም ቲክነስ ያለው አንደኛው
#ሕይወትዎን_የሚያቀል_ፕላስተር
⚡️ቆራርጠን መጠቀም የምንችለዉ
⚡️በ ሁለቱም ጎን አጣብቆ መያዝ የሚችል
⚡️ታጥቦ እንደገና ጥቅም ላይ ሊውል የሚችል 
⚡️ለስራ ቦታ ፣ለኪችንዎ... ተመራጭ

🪞Size: 3 Meter 
🪞 Double Sided Tape 
🪞Reusable,  Removable & Washable 
🪞 Ivy Grip Tape Life Magic Tape 
🪞Seamless hook, 
🪞nano-sol all-purpose tape


ዋጋ፦  💰🏷  3ሜትር 500 ብር

📍ውስን ፍሬ ነው ያለን/ Limited Stock

🏢 አድራሻ  ቁ.1👉 መገናኛ ታሜ ጋስ ህንፃ ጎን ስሪ ኤም ሲቲ ሞል  ሁለተኛ ፎቅ ቢሮ ቁ. SL-05A(ከ ሊፍቱ ፊት ለ ፊት)

📍ቁ.2 👉ለቡ  መዳህኒዓለም ቤተ/ክርስቲያን ፊት ለፊት  #ዛም_ሞል 2ኛ ፎቅ ቢሮ ቁጥር.214


👍ለቡ ቅርንጫፍ📲0985511819



     💧💧💧💧


    📲 0909522840
    📲 0923350054

🔖
💬  በTelegram ለማዘዝ ⤵️ ይጠቀሙ
@shager_onlinestore
  
ለተጨማሪ ማብራሪያ የቴሌግራም ገፃችን⤵️
https://t.me/Shageronlinestore",2025-01-06 07:11:51+00:00,photos\@Shageronlinestore_6138.jpg
Sheger online-store,@Shageronlinestore,6137,,2025-01-05 13:37:05+00:00,photos\@Shageronlinestore_6137.jpg
Sheger online-store,@Shageronlinestore,6136,,2025-01-05 13:37:05+00:00,photos\@Shageronlinestore_6136.jpg
Sheger online-store,@Shageronlinestore,6135,,2025-01-05 13:37:05+00:00,photos\@Shageronlinestore_6135.jpg
Sheger online-store,@Shageronlinestore,6134,"🎄BOMA MEAT GRINDER🎄

🎄Germany standard
🎄3000watt powerful motor
🎄3 mincing modes
🎄portable design 
🎄Aluminium alloy

       ዋጋ:-8200ብር✅

🏢 አድራሻ  ቁ.1👉 መገናኛ ስሪ ኤም ሲቲ ሞል  ሁለተኛ ፎቅ ቢሮ ቁ. SL-05A(ከ ሊፍቱ ፊት ለ ፊት)

📍ቁ.2 👉ለቡ  መዳህኒዓለም ቤተ/ክርስቲያን ፊት ለፊት  #ዛም_ሞል 2ኛ ፎቅ ቢሮ ቁጥር.214


👍ለቡ ቅርንጫፍ📲0973611819



    📲 0909522840
    📲 0923350054

🔖
💬  በTelegram ለማዘዝ ⤵️ ይጠቀሙ
@shager_onlinestore
  
ለተጨማሪ ማብራሪያ የቴሌግራም ገፃችን⤵️
https://t.me/Shageronlinestore",2025-01-05 13:37:05+00:00,photos\@Shageronlinestore_6134.jpg
Sheger online-store,@Shageronlinestore,6133,"🎄BOMA MEAT GRINDER🎄

🎄Germany standard
🎄3000watt powerful motor
🎄3 mincing modes
🎄portable design 
🎄Aluminium alloy

       ዋጋ:-8200ብር✅

🏢 አድራሻ  ቁ.1👉 መገናኛ ስሪ ኤም ሲቲ ሞል  ሁለተኛ ፎቅ ቢሮ ቁ. SL-05A(ከ ሊፍቱ ፊት ለ ፊት)

📍ቁ.2 👉ለቡ  መዳህኒዓለም ቤተ/ክርስቲያን ፊት ለፊት  #ዛም_ሞል 2ኛ ፎቅ ቢሮ ቁጥር.214


👍ለቡ ቅርንጫፍ📲0973611819



    📲 0909522840
    📲 0923350054

🔖
💬  በTelegram ለማዘዝ ⤵️ ይጠቀሙ
@shager_onlinestore
  
ለተጨማሪ ማብራሪያ የቴሌግራም ገፃችን⤵️
https://t.me/Shageronlinestore",2025-01-05 13:37:04+00:00,
Sheger online-store,@Shageronlinestore,6132,"💥Multi functional Toothbrush sterilizer & dispenser✨
 
📍ግድግዳ ላይ የራሱ መለጠፊያ ያለው ብሩሽ ላይ የሚገኙ ባክቴሪያዎችን በ 3 ደቂቃ ውስጥ መግደል የሚችል
📍 ስትራላይዘር ያለው በአንዴ 4 ብሩሽ እና ፂም መላጫ መያዝ የሚችል እንዲሁም ከስር በመጫን ብቻ የጥርስ ሳሙናው ብሩሹ ላይ ማድረግ የሚያስችል ሲስተም ያለው
✔️አጠቃቀሙ ቀላል
✔️ የጥርስ ሳሙና ብክነት የሚያስወግድ
✔️ማንኛውንም ዓይነት የጥርስ ሳሙና መያዝ የሚችል
📍To be charged with light 
📍long battry life
📍Uv sterilization 
📍Multiple storge rack
📍Smart infraed induction(sensor)

       ዋጋ፦ 800ብር✅
 
ውስን ፍሬ ነው ያለን/ Limited Stock 

🏢 አድራሻ ቁ.1 👉 መገናኛ ታሜ ጋስ ህንፃ ጎን ስሪ ኤም ሲቲ ሞል  ሁለተኛ ፎቅ ቢሮ ቁ. SL-05A(ከ ሊፍቱ ፊት ለ ፊት)

📍ቁ.2 👉ለቡ  መዳህኒዓለም ቤተ/ክርስቲያን 100ሜ ወደ ሙዚቃ ቤት ከፍ ብሎ  #ዛም_ሞል 2ኛ ፎቅ ቢሮ.ቁ 214


    📲 0909522840
    📲 0923350054

👍ለቡ ቅርንጫፍ📲0973611819


🔖
💬  በTelegram ለማዘዝ ⤵️ ይጠቀሙ
@shager_onlinestore
  
ለተጨማሪ ማብራሪያ የቴሌግራም ገፃችን⤵️
https://t.me/Shageronlinestore
 ",2025-01-05 07:15:17+00:00,
Sheger online-store,@Shageronlinestore,6131,"💥Multi functional Toothbrush sterilizer & dispenser✨

📍ግድግዳ ላይ የራሱ መለጠፊያ ያለው ብሩሽ ላይ የሚገኙ ባክቴሪያዎችን በ 3 ደቂቃ ውስጥ መግደል የሚችል
📍 ስትራላይዘር ያለው በአንዴ 4 ብሩሽ እና ፂም መላጫ መያዝ የሚችል እንዲሁም ከስር በመጫን ብቻ የጥርስ ሳሙናው ብሩሹ ላይ ማድረግ የሚያስችል ሲስተም ያለው
✔️አጠቃቀሙ ቀላል
✔️ የጥርስ ሳሙና ብክነት የሚያስወግድ
✔️ማንኛውንም ዓይነት የጥርስ ሳሙና መያዝ የሚችል
📍To be charged with light 
📍long battry life
📍Uv sterilization 
📍Multiple storge rack
📍Smart infraed induction(sensor)

ዋጋ፦  💰800ብር✅
                   
ውስን ፍሬ ነው ያለን/ Limited Stock 

🏢 አድራሻ ቁ.1 👉 መገናኛ ታሜ ጋስ ህንፃ ጎን ስሪ ኤም ሲቲ ሞል  ሁለተኛ ፎቅ ቢሮ ቁ. SL-05A(ከ ሊፍቱ ፊት ለ ፊት)

📍ቁ.2 👉ለቡ  መዳህኒዓለም ቤተ/ክርስቲያን 100ሜ ወደ ሙዚቃ ቤት ከፍ ብሎ  #ዛም_ሞል 2ኛ ፎቅ ቢሮ.ቁ 214


    📲 0909522840
    📲 0923350054

👍ለቡ ቅርንጫፍ📲0973611819


🔖
💬  በTelegram ለማዘዝ ⤵️ ይጠቀሙ
@shager_onlinestore
  
ለተጨማሪ ማብራሪያ የቴሌግራም ገፃችን⤵️
https://t.me/Shageronlinestore
 
   ",2025-01-05 07:13:39+00:00,photos\@Shageronlinestore_6131.jpg
Sheger online-store,@Shageronlinestore,6130,"🎄 ውድ ደንበኞቻችን ሱቃችን ነገ  እሁድ ከ4:30-10:00 ስዓት ክፍት መሆኑን በአክብሮት እንገልፃልን።

 🎄ሁለቱም ቅርንጫፍ ሱቆቻችን ክፍት ናቸው

💥 ዘዉትር ሰኞ-ቅዳሜ ከጥዋቱ 3:00 እስከ ምሽቱ 2:00 ክፍት መሆኑን በአክብሮት እንገልፃለን

🏢 አድራሻ ቁ.1 👉 መገናኛ ታሜ ጋስ ህንፃ ጎን ስሪ ኤም ሲቲ ሞል  ሁለተኛ ፎቅ ቢሮ ቁ. SL-05A(ከ ሊፍቱ ፊት ለ ፊት)

📍ቁ.2 👉ለቡ  መዳህኒዓለም ቤተ/ክርስቲያን  ወደ ሙዚቃ ቤት ከፍ ብሎ  #ዛም_ሞል 2ኛ ፎቅ ቢሮ.ቁ 214

    📲 0909522840
    📲 0923350054


🔖
💬  በTelegram ለማዘዝ ⤵️ ይጠቀሙ
@shager_onlinestore
  
ለተጨማሪ ማብራሪያ የቴሌግራም ገፃችን⤵️
https://t.me/Shageronlinestore",2025-01-04 16:31:45+00:00,photos\@Shageronlinestore_6130.jpg
Sheger online-store,@Shageronlinestore,6129,"💥 4 set seasoning bottles 

👍2 ፍሬ የዘይት እና አቼቶ መቀነሻ
👍2 ፍሬ የቅመም መቀነሻ እና የራሱ መነስነሻ ያለው
👍የራሱ የሆነ ማስቀመጫ ያለው
👍ለራስዎ፣ለወዳጅ ዘመድዎ የሚያበረክቱት አስተማማኝ እቃ

ዋጋ፦  💲  1600 ብር

♦️ውስን ፍሬ ነው ያለው🔥🔥🔥

ውስን ፍሬ ነው ያለን/ Limited Stock 

🏢 አድራሻ ቁ.1 👉 መገናኛ ታሜ ጋስ ህንፃ ጎን ስሪ ኤም ሲቲ ሞል  ሁለተኛ ፎቅ ቢሮ ቁ. SL-05A(ከ ሊፍቱ ፊት ለ ፊት)

📍ቁ.2 👉ለቡ  መዳህኒዓለም ቤተ/ክርስቲያን 100ሜ ወደ ሙዚቃ ቤት ከፍ ብሎ  #ዛም_ሞል 2ኛ ፎቅ ቢሮ.ቁ 214


    📲 0909522840
    📲 0923350054

👍ለቡ ቅርንጫፍ📲0973611819


🔖
💬  በTelegram ለማዘዝ ⤵️ ይጠቀሙ
@shager_onlinestore
  
ለተጨማሪ ማብራሪያ የቴሌግራም ገፃችን⤵️
https://t.me/Shageronlinestore
 ",2025-01-04 12:04:01+00:00,photos\@Shageronlinestore_6129.jpg
Sheger online-store,@Shageronlinestore,6128,"💥 4 set seasoning bottles 

👍2 ፍሬ የዘይት እና አቼቶ መቀነሻ
👍2 ፍሬ የቅመም መቀነሻ እና የራሱ መነስነሻ ያለው
👍የራሱ የሆነ ማስቀመጫ ያለው
👍ለራስዎ፣ለወዳጅ ዘመድዎ የሚያበረክቱት አስተማማኝ እቃ

ዋጋ፦  💲  1600 ብር

♦️ውስን ፍሬ ነው ያለው🔥🔥🔥

ውስን ፍሬ ነው ያለን/ Limited Stock 

🏢 አድራሻ ቁ.1 👉 መገናኛ ታሜ ጋስ ህንፃ ጎን ስሪ ኤም ሲቲ ሞል  ሁለተኛ ፎቅ ቢሮ ቁ. SL-05A(ከ ሊፍቱ ፊት ለ ፊት)

📍ቁ.2 👉ለቡ  መዳህኒዓለም ቤተ/ክርስቲያን 100ሜ ወደ ሙዚቃ ቤት ከፍ ብሎ  #ዛም_ሞል 2ኛ ፎቅ ቢሮ.ቁ 214


    📲 0909522840
    📲 0923350054

👍ለቡ ቅርንጫፍ📲0973611819


🔖
💬  በTelegram ለማዘዝ ⤵️ ይጠቀሙ
@shager_onlinestore
  
ለተጨማሪ ማብራሪያ የቴሌግራም ገፃችን⤵️
https://t.me/Shageronlinestore
 ",2025-01-04 12:03:56+00:00,photos\@Shageronlinestore_6128.jpg
Sheger online-store,@Shageronlinestore,6127,"❇️ 3in1 colorful water bottle
      💯High Quality
💥package includes👉2litter,
                                     👉900ml
                                      👉300ml


👉Motivational design-gives you motivation, reminds you to stay hydrated and drink enough water throughout the day

👉Convenient to carry


       ዋጋ፦ 1200ብር

✖️ውስን ፍሬ ነው ያለው

🏢 አድራሻ  👉 መገናኛ ስሪ ኤም ሲቲ ሞል  ሁለተኛ ፎቅ ቢሮ ቁ. SL-05A(ከ ሊፍቱ ፊት ለ ፊት)

     💧💧💧💧


    📲 0909522840
    📲 0923350054

🔖
💬  በTelegram ለማዘዝ ⤵️ ይጠቀሙ
@shager_onlinestore
  
ለተጨማሪ ማብራሪያ የቴሌግራም ገፃችን⤵️
https://t.me/Shageronlinestore",2025-01-04 09:18:59+00:00,photos\@Shageronlinestore_6127.jpg
Sheger online-store,@Shageronlinestore,6126,"📣 Straight Comb Hair stylist

‼️ምንም ኣይነት ድምፅ የሌለው ‼️

ሁሉንም አይነት ጸጉር ያለ ልፋት💯 በሙቀት የሚያስውብ 

⭐️ለተለያዩ የጸጉር አይነቶች ከፍ እና ዝቅ የሚል የሙቀት መቆጣጠሪያ ያለው

⭐️ጸጉር ሳይሰባበር በጤናማ ሁኔታ ውብ የሚያደርግልዎ

ዋጋ፦  💰🏷  1200 ብር

🏢 አድራሻ ቁ.1 👉 መገናኛ ታሜ ጋስ ህንፃ ጎን ስሪ ኤም ሲቲ ሞል  ሁለተኛ ፎቅ ቢሮ ቁ. SL-05A(ከ ሊፍቱ ፊት ለ ፊት)

📍ቁ.2 👉ለቡ  መዳህኒዓለም ቤተ/ክርስቲያን 100ሜ ወደ ሙዚቃ ቤት ከፍ ብሎ  #ዛም_ሞል 2ኛ ፎቅ ቢሮ.ቁ 214


    📲 0909522840
    📲 0923350054

👍ለቡ ቅርንጫፍ📲0973611819


🔖
💬  በTelegram ለማዘዝ ⤵️ ይጠቀሙ
@shager_onlinestore
  
ለተጨማሪ ማብራሪያ የቴሌግራም ገፃችን⤵️
https://t.me/Shageronlinestore",2025-01-04 06:37:59+00:00,
Sheger online-store,@Shageronlinestore,6125,"🌟Straight Comb Hair stylist

‼️ምንም ኣይነት ድምፅ የሌለው ‼️

ሁሉንም አይነት ጸጉር ያለ ልፋት💯 በሙቀት የሚያስውብ 
 
⭐️ለተለያዩ የጸጉር አይነቶች ከፍ እና ዝቅ የሚል የሙቀት መቆጣጠሪያ ያለው

⭐️ጸጉር ሳይሰባበር በጤናማ ሁኔታ ውብ የሚያደርግልዎ

ዋጋ፦  💰🏷  1200 ብር

🏢 አድራሻ ቁ.1 👉 መገናኛ ታሜ ጋስ ህንፃ ጎን ስሪ ኤም ሲቲ ሞል  ሁለተኛ ፎቅ ቢሮ ቁ. SL-05A(ከ ሊፍቱ ፊት ለ ፊት)

📍ቁ.2 👉ለቡ  መዳህኒዓለም ቤተ/ክርስቲያን 100ሜ ወደ ሙዚቃ ቤት ከፍ ብሎ  #ዛም_ሞል 2ኛ ፎቅ ቢሮ.ቁ 214


    📲 0909522840
    📲 0923350054

👍ለቡ ቅርንጫፍ📲0973611819


🔖
💬  በTelegram ለማዘዝ ⤵️ ይጠቀሙ
@shager_onlinestore
  
ለተጨማሪ ማብራሪያ የቴሌግራም ገፃችን⤵️
https://t.me/Shageronlinestore",2025-01-04 06:37:59+00:00,
Sheger online-store,@Shageronlinestore,6124,"📣 Straight Comb Hair stylist

‼️ምንም ኣይነት ድምፅ የሌለው ‼️

ሁሉንም አይነት ጸጉር ያለ ልፋት💯 በሙቀት የሚያስውብ 

⭐️ለተለያዩ የጸጉር አይነቶች ከፍ እና ዝቅ የሚል የሙቀት መቆጣጠሪያ ያለው

⭐️ጸጉር ሳይሰባበር በጤናማ ሁኔታ ውብ የሚያደርግልዎ

ዋጋ፦  💰🏷  1200 ብር

🏢 አድራሻ ቁ.1 👉 መገናኛ ታሜ ጋስ ህንፃ ጎን ስሪ ኤም ሲቲ ሞል  ሁለተኛ ፎቅ ቢሮ ቁ. SL-05A(ከ ሊፍቱ ፊት ለ ፊት)

📍ቁ.2 👉ለቡ  መዳህኒዓለም ቤተ/ክርስቲያን 100ሜ ወደ ሙዚቃ ቤት ከፍ ብሎ  #ዛም_ሞል 2ኛ ፎቅ ቢሮ.ቁ 214


    📲 0909522840
    📲 0923350054

👍ለቡ ቅርንጫፍ📲0973611819


🔖
💬  በTelegram ለማዘዝ ⤵️ ይጠቀሙ
@shager_onlinestore
  
ለተጨማሪ ማብራሪያ የቴሌግራም ገፃችን⤵️
https://t.me/Shageronlinestore",2025-01-04 06:37:59+00:00,photos\@Shageronlinestore_6124.jpg
Sheger online-store,@Shageronlinestore,6123,,2025-01-03 16:52:00+00:00,photos\@Shageronlinestore_6123.jpg
Sheger online-store,@Shageronlinestore,6122,,2025-01-03 16:52:00+00:00,photos\@Shageronlinestore_6122.jpg
Sheger online-store,@Shageronlinestore,6121,,2025-01-03 16:52:00+00:00,photos\@Shageronlinestore_6121.jpg
Sheger online-store,@Shageronlinestore,6120,,2025-01-03 16:52:00+00:00,photos\@Shageronlinestore_6120.jpg
Sheger online-store,@Shageronlinestore,6119,,2025-01-03 16:52:00+00:00,photos\@Shageronlinestore_6119.jpg
Sheger online-store,@Shageronlinestore,6118,,2025-01-03 16:52:00+00:00,photos\@Shageronlinestore_6118.jpg
Sheger online-store,@Shageronlinestore,6117,"🎄🎄🎄.............🎄🎄🎄
📌Colorful String Light 

👍በቻርጅ የሚሰራ
👍15m ርዝመት ያለው
👍 ካፕ ቅርፅ ያለው እና ለአያያዝ ምቹ 
👍ሁለት የላይት መቆጣጠሪያ ያለው
👍ከፍተኛ ሙቀትን እና ቅዝቃዜን መቋቋም ከሚችል ማቴሪያል ስለተሰራ በማንኛውም የአየር ንብረት የምንጠቀመው
👍ለብዓሉ ለቤትዎ ድምቀት የሚሰጥ

እንደ ባትሪና ፓወር ባንክ የሚያገለግል 

⚠️ ለካምፒንግ ለተለያዮ ፕሮግራሞች በጣም ተመራጭ

ዋጋ፦  💵🏷  1050 ብር

♦️ውስን ፍሬ ነው ያለው 😀😀😀

ውስን ፍሬ ነው ያለን/ Limited Stock 

🏢 አድራሻ ቁ.1 👉 መገናኛ ታሜ ጋስ ህንፃ ጎን ስሪ ኤም ሲቲ ሞል  ሁለተኛ ፎቅ ቢሮ ቁ. SL-05A(ከ ሊፍቱ ፊት ለ ፊት)

📍ቁ.2 👉ለቡ  መዳህኒዓለም ቤተ/ክርስቲያን 100ሜ ወደ ሙዚቃ ቤት ከፍ ብሎ  #ዛም_ሞል 2ኛ ፎቅ ቢሮ.ቁ 214


    📲 0909522840
    📲 0923350054

👍ለቡ ቅርንጫፍ📲0973611819


🔖
💬  በTelegram ለማዘዝ ⤵️ ይጠቀሙ
@shager_onlinestore
  
ለተጨማሪ ማብራሪያ የቴሌግራም ገፃችን⤵️
https://t.me/Shageronlinestore",2025-01-03 16:52:00+00:00,photos\@Shageronlinestore_6117.jpg
Sheger online-store,@Shageronlinestore,6116,"📌 Ironing Board

ዋጋ፦  💵🏷  3800 ብር

🔔ውስን ፍሬ ነው ያለው 🔥🔥🔥

ውስን ፍሬ ነው ያለን/ Limited Stock 

🏢 አድራሻ ቁ.1 👉 መገናኛ ታሜ ጋስ ህንፃ ጎን ስሪ ኤም ሲቲ ሞል  ሁለተኛ ፎቅ ቢሮ ቁ. SL-05A(ከ ሊፍቱ ፊት ለ ፊት)

📍ቁ.2 👉ለቡ  መዳህኒዓለም ቤተ/ክርስቲያን 100ሜ ወደ ሙዚቃ ቤት ከፍ ብሎ  #ዛም_ሞል 2ኛ ፎቅ ቢሮ.ቁ 214


    📲 0909522840
    📲 0923350054

👍ለቡ ቅርንጫፍ📲0973611819


🔖
💬  በTelegram ለማዘዝ ⤵️ ይጠቀሙ
@shager_onlinestore
  
ለተጨማሪ ማብራሪያ የቴሌግራም ገፃችን⤵️
https://t.me/Shageronlinestore",2025-01-03 13:07:02+00:00,photos\@Shageronlinestore_6116.jpg
Sheger online-store,@Shageronlinestore,6115,"🎄🎄🎄............🎄🎄🎄
💥Stainless Steel Shoes Rack 

🔰ከብረት የተሰራ
🔰ጫማ እና የተለያዩ ዕቃወች ማስቀመጫ 
🔰ለመገጣጠም ቀላል 
👟👠📙📃🗄️
💯 High Quality

ባለ ስድስት መደርደሪያ ያለው
☑️ Size :- 55*26*114

 ዋጋ፦  🏷2300 ብር

♦️ውስን ፍሬ ነው ያለው 🔥

ውስን ፍሬ ነው ያለን/ Limited Stock 

🏢 አድራሻ ቁ.1 👉 መገናኛ ታሜ ጋስ ህንፃ ጎን ስሪ ኤም ሲቲ ሞል  ሁለተኛ ፎቅ ቢሮ ቁ. SL-05A(ከ ሊፍቱ ፊት ለ ፊት)

📍ቁ.2 👉ለቡ  መዳህኒዓለም ቤተ/ክርስቲያን 100ሜ ወደ ሙዚቃ ቤት ከፍ ብሎ  #ዛም_ሞል 2ኛ ፎቅ ቢሮ.ቁ 214


    📲 0909522840
    📲 0923350054

👍ለቡ ቅርንጫፍ📲0973611819


🔖
💬  በTelegram ለማዘዝ ⤵️ ይጠቀሙ
@shager_onlinestore
  
ለተጨማሪ ማብራሪያ የቴሌግራም ገፃችን⤵️
https://t.me/Shageronlinestore",2025-01-03 10:49:44+00:00,photos\@Shageronlinestore_6115.jpg
Sheger online-store,@Shageronlinestore,6114,"🎄🎄🎄.........🎄🎄🎄
💥6pcs Table Place Mat 

✔️6pcs 
✔️የገበታ ምንጣፎች
✔️በሁለት የቀለም አማራጭ የቀረበ


   ዋጋ፦  6pcs :- 1300 ብር
             

♦️ውስን ፍሬ ነው ያለው 🔥

ውስን ፍሬ ነው ያለን/ Limited Stock 

🏢 አድራሻ ቁ.1 👉 መገናኛ ታሜ ጋስ ህንፃ ጎን ስሪ ኤም ሲቲ ሞል  ሁለተኛ ፎቅ ቢሮ ቁ. SL-05A(ከ ሊፍቱ ፊት ለ ፊት)

📍ቁ.2 👉ለቡ  መዳህኒዓለም ቤተ/ክርስቲያን 100ሜ ወደ ሙዚቃ ቤት ከፍ ብሎ  #ዛም_ሞል 2ኛ ፎቅ ቢሮ.ቁ 214


    📲 0909522840
    📲 0923350054

👍ለቡ ቅርንጫፍ📲0973611819


🔖
💬  በTelegram ለማዘዝ ⤵️ ይጠቀሙ
@shager_onlinestore
  
ለተጨማሪ ማብራሪያ የቴሌግራም ገፃችን⤵️
https://t.me/Shageronlinestore",2025-01-03 04:54:14+00:00,photos\@Shageronlinestore_6114.jpg
Sheger online-store,@Shageronlinestore,6113,,2025-01-03 04:54:04+00:00,photos\@Shageronlinestore_6113.jpg
Sheger online-store,@Shageronlinestore,6112,"🎄🎄🎄.........🎄🎄🎄
💥6pcs Table Place Mat 

✔️6pcs 
✔️የገበታ ምንጣፎች
✔️በሁለት የቀለም አማራጭ የቀረበ


   ዋጋ፦  6pcs :- 1300 ብር
             

♦️ውስን ፍሬ ነው ያለው 🔥

ውስን ፍሬ ነው ያለን/ Limited Stock 

🏢 አድራሻ ቁ.1 👉 መገናኛ ታሜ ጋስ ህንፃ ጎን ስሪ ኤም ሲቲ ሞል  ሁለተኛ ፎቅ ቢሮ ቁ. SL-05A(ከ ሊፍቱ ፊት ለ ፊት)

📍ቁ.2 👉ለቡ  መዳህኒዓለም ቤተ/ክርስቲያን 100ሜ ወደ ሙዚቃ ቤት ከፍ ብሎ  #ዛም_ሞል 2ኛ ፎቅ ቢሮ.ቁ 214


    📲 0909522840
    📲 0923350054

👍ለቡ ቅርንጫፍ📲0973611819


🔖
💬  በTelegram ለማዘዝ ⤵️ ይጠቀሙ
@shager_onlinestore
  
ለተጨማሪ ማብራሪያ የቴሌግራም ገፃችን⤵️
https://t.me/Shageronlinestore",2025-01-03 04:54:04+00:00,photos\@Shageronlinestore_6112.jpg
Sheger online-store,@Shageronlinestore,6111,,2025-01-02 17:25:30+00:00,photos\@Shageronlinestore_6111.jpg
Sheger online-store,@Shageronlinestore,6110,,2025-01-02 17:25:30+00:00,photos\@Shageronlinestore_6110.jpg
Sheger online-store,@Shageronlinestore,6109,"🎄 የቡና ሲኒ

🛒ማራኪና ዉብ ዲዛይን
✅6 ፍሬ
🛒ለቤትዎ ተጨማሪ ድምቀት የሚሆን
🛒የራሱ ማስቀመጫ ያለዉ
🛒አስተማማኝ እቃ ለራስዎ፣ለወዳጅ ዘመድዎ የሚያበረክቱት

      ዋጋ:-6 ፍሬ በ 2100 ብር ✅

ውስን ፍሬ ነው ያለን/ Limited Stock 

🏢 አድራሻ ቁ.1 👉 መገናኛ ታሜ ጋስ ህንፃ ጎን ስሪ ኤም ሲቲ ሞል  ሁለተኛ ፎቅ ቢሮ ቁ. SL-05A(ከ ሊፍቱ ፊት ለ ፊት)

📍ቁ.2 👉ለቡ  መዳህኒዓለም ቤተ/ክርስቲያን 100ሜ ወደ ሙዚቃ ቤት ከፍ ብሎ  #ዛም_ሞል 2ኛ ፎቅ ቢሮ.ቁ 214


    📲 0909522840
    📲 0923350054

👍ለቡ ቅርንጫፍ📲0973611819


🔖
💬  በTelegram ለማዘዝ ⤵️ ይጠቀሙ
@shager_onlinestore
  
ለተጨማሪ ማብራሪያ የቴሌግራም ገፃችን⤵️
https://t.me/Shageronlinestore",2025-01-02 17:25:30+00:00,photos\@Shageronlinestore_6109.jpg
Sheger online-store,@Shageronlinestore,6108,,2025-01-02 16:42:24+00:00,photos\@Shageronlinestore_6108.jpg
Sheger online-store,@Shageronlinestore,6107,,2025-01-02 16:42:24+00:00,photos\@Shageronlinestore_6107.jpg
Sheger online-store,@Shageronlinestore,6106,"🎄 የቡና ሲኒ

🛒ማራኪና ዉብ ዲዛይን
✅6 ፍሬ
🛒ለቤትዎ ተጨማሪ ድምቀት የሚሆን
🛒የራሱ ማስቀመጫ ያለዉ
🛒አስተማማኝ እቃ ለራስዎ፣ለወዳጅ ዘመድዎ የሚያበረክቱት

      ዋጋ:-6 ፍሬ በ 2100 ብር ✅

ውስን ፍሬ ነው ያለን/ Limited Stock 

🏢 አድራሻ ቁ.1 👉 መገናኛ ታሜ ጋስ ህንፃ ጎን ስሪ ኤም ሲቲ ሞል  ሁለተኛ ፎቅ ቢሮ ቁ. SL-05A(ከ ሊፍቱ ፊት ለ ፊት)

📍ቁ.2 👉ለቡ  መዳህኒዓለም ቤተ/ክርስቲያን 100ሜ ወደ ሙዚቃ ቤት ከፍ ብሎ  #ዛም_ሞል 2ኛ ፎቅ ቢሮ.ቁ 214


    📲 0909522840
    📲 0923350054

👍ለቡ ቅርንጫፍ📲0973611819


🔖
💬  በTelegram ለማዘዝ ⤵️ ይጠቀሙ
@shager_onlinestore
  
ለተጨማሪ ማብራሪያ የቴሌግራም ገፃችን⤵️
https://t.me/Shageronlinestore",2025-01-02 16:42:24+00:00,photos\@Shageronlinestore_6106.jpg
Sheger online-store,@Shageronlinestore,6105,"⚡️Simple Wardrobe
✨ባለ 3 ተከፋች ዘመናዊ የልብስ ማስቀመጫ ቁምሳጥን 

➡️በቀላሉ የሚገጣጠም የሚነቃቀል 
➡️ከቦታ ወደ ቦታ ለማንቀሳቀስ የሚመች 
➡️ቀላል ክብደት ያለው
➡️ባለ ዚፕ የሸራ ልብስ ያለው
➡️ፍሬሞቹ የብረት ቱቦዎች የሆኑ
➡️መገጣጠሚያዎቹ ጠንካራ ካርቦኔትድ ፕላስቲኮች የሆኑ
➡️ለቤትዎ ውበት የሚሠጥ
➡️ቦታ የማይዝ ሲሆን

*⃣ቁመት 175 ሳ.ሜ
*⃣የጎን ስፋት 130 ሳ.ሜ
*⃣ወርድ 45 ሳ.ሜ 

      ዋጋ፦3,600 ብር

🏢 አድራሻ  ቁ.1👉 መገናኛ ስሪ ኤም ሲቲ ሞል  ሁለተኛ ፎቅ ቢሮ ቁ. SL-05A(ከ ሊፍቱ ፊት ለ ፊት)

📍ቁ.2 👉ለቡ  መዳህኒዓለም ቤተ/ክርስቲያን ፊት ለፊት  #ዛም_ሞል 2ኛ ፎቅ ቢሮ ቁጥር.214


👍ለቡ ቅርንጫፍ📲0973611819

     💧💧💧💧


    📲 0909522840
    📲 0923350054

🔖
💬  በTelegram ለማዘዝ ⤵️ ይጠቀሙ
@shager_onlinestore
  
ለተጨማሪ ማብራሪያ የቴሌግራም ገፃችን⤵️
https://t.me/Shageronlinestore",2025-01-02 06:44:37+00:00,photos\@Shageronlinestore_6105.jpg
Sheger online-store,@Shageronlinestore,6104,"💥Sonifer 5 IN 1 juicer blender

✨Best Quality 

✨ ብርቱካን ካሮት አፕል አናናስ ጁስ ይሰራል ፋይበሩን ለብቻ ያስወግዴል
✨ የፍራፍሬ ጁስ ይሰራል
✨ ሽንኩርትና ስጋ ይፈጫል
✨ቡናና ቅመማ ቅመም ይፈጫል።

             ዋጋ፦8000 ብር✅
                            
ውስን ፍሬ ነው ያለን/ Limited Stock

🏢 አድራሻ ቁ.1 👉 መገናኛ ታሜ ጋስ ህንፃ ጎን ስሪ ኤም ሲቲ ሞል  ሁለተኛ ፎቅ ቢሮ ቁ. SL-05A(ከ ሊፍቱ ፊት ለ ፊት)

📍ቁ.2 👉ለቡ  መዳህኒዓለም ቤተ/ክርስቲያን  ወደ ሙዚቃ ቤት ከፍ ብሎ  #ዛም_ሞል 2ኛ ፎቅ ቢሮ.ቁ 214


    📲 0909522840
    📲 0923350054

👍ለቡ ቅርንጫፍ📲0973611819


🔖
💬  በTelegram ለማዘዝ ⤵️ ይጠቀሙ
@shager_onlinestore
  
ለተጨማሪ ማብራሪያ የቴሌግራም ገፃችን⤵️
https://t.me/Shageronlinestore",2025-01-02 04:57:16+00:00,photos\@Shageronlinestore_6104.jpg
Sheger online-store,@Shageronlinestore,6103,"🎄3pcs Foldable silicon basket

🎄multiple ways to use
🎄durable
🎄space saving 
🎄አትክልት ለማጠብ እና የተለያዩ ነገሮችን ለማስቀመጥ የምንጠቀምበት

       ዋጋ:-800ብር✅

ውስን ፍሬ ነው ያለን/ Limited Stock 

🏢 አድራሻ ቁ.1 👉 መገናኛ ታሜ ጋስ ህንፃ ጎን ስሪ ኤም ሲቲ ሞል  ሁለተኛ ፎቅ ቢሮ ቁ. SL-05A(ከ ሊፍቱ ፊት ለ ፊት)

📍ቁ.2 👉ለቡ  መዳህኒዓለም ቤተ/ክርስቲያን 100ሜ ወደ ሙዚቃ ቤት ከፍ ብሎ  #ዛም_ሞል 2ኛ ፎቅ ቢሮ.ቁ 214


    📲 0909522840
    📲 0923350054

👍ለቡ ቅርንጫፍ📲0973611819


🔖
💬  በTelegram ለማዘዝ ⤵️ ይጠቀሙ
@shager_onlinestore
  
ለተጨማሪ ማብራሪያ የቴሌግራም ገፃችን⤵️
https://t.me/Shageronlinestore",2025-01-01 15:54:17+00:00,
Sheger online-store,@Shageronlinestore,6102,,2025-01-01 15:47:28+00:00,photos\@Shageronlinestore_6102.jpg
Sheger online-store,@Shageronlinestore,6101,,2025-01-01 15:47:28+00:00,photos\@Shageronlinestore_6101.jpg
Sheger online-store,@Shageronlinestore,6100,,2025-01-01 15:47:28+00:00,photos\@Shageronlinestore_6100.jpg
Sheger online-store,@Shageronlinestore,6099,,2025-01-01 15:47:28+00:00,photos\@Shageronlinestore_6099.jpg
Sheger online-store,@Shageronlinestore,6098,,2025-01-01 15:47:28+00:00,photos\@Shageronlinestore_6098.jpg
Sheger online-store,@Shageronlinestore,6097,,2025-01-01 15:47:27+00:00,photos\@Shageronlinestore_6097.jpg
Sheger online-store,@Shageronlinestore,6096,"🎄3pcs Foldable silicon basket

🎄multiple ways to use
🎄durable
🎄space saving 
🎄አትክልት ለማጠብ እና የተለያዩ ነገሮችን ለማስቀመጥ የምንጠቀምበት

       ዋጋ:-800ብር✅

ውስን ፍሬ ነው ያለን/ Limited Stock 

🏢 አድራሻ ቁ.1 👉 መገናኛ ታሜ ጋስ ህንፃ ጎን ስሪ ኤም ሲቲ ሞል  ሁለተኛ ፎቅ ቢሮ ቁ. SL-05A(ከ ሊፍቱ ፊት ለ ፊት)

📍ቁ.2 👉ለቡ  መዳህኒዓለም ቤተ/ክርስቲያን 100ሜ ወደ ሙዚቃ ቤት ከፍ ብሎ  #ዛም_ሞል 2ኛ ፎቅ ቢሮ.ቁ 214


    📲 0909522840
    📲 0923350054

👍ለቡ ቅርንጫፍ📲0973611819


🔖
💬  በTelegram ለማዘዝ ⤵️ ይጠቀሙ
@shager_onlinestore
  
ለተጨማሪ ማብራሪያ የቴሌግራም ገፃችን⤵️
https://t.me/Shageronlinestore",2025-01-01 15:47:27+00:00,photos\@Shageronlinestore_6096.jpg
Sheger online-store,@Shageronlinestore,6095,"🎄#ልዩ_የብዓል_ቅናሽ 🎄

🛒7በ1 የሆነ የቅመም ማስቀመጫ 

🛒እጅግ ውብ የሆኑ              
🛒የራሱ ማስቀመጫ ያለዉ
🛒ለአያያዝ ምቹ
🛒የተለያዩ ቅመሞችን ለማቅረብ   የሚሆን
🛒የቤትዎን ውበት የሚጨምር ምርጥ እቃ
🛒ለራስዎ ቢያደርጉት፣ለወዳጅዎ በስጦታ ቢሰጡት የሚወዱት እቃ

         ዋጋ:-✅

📍ውስን ፍሬ ነው ያለን/ Limited Stock

🏢 አድራሻ ቁ.1 👉 መገናኛ ታሜ ጋስ ህንፃ ጎን ስሪ ኤም ሲቲ ሞል  ሁለተኛ ፎቅ ቢሮ ቁ. SL-05A(ከ ሊፍቱ ፊት ለ ፊት)

📍ቁ.2 👉ለቡ  መዳህኒዓለም ቤተ/ክርስቲያን 100ሜ ወደ ሙዚቃ ቤት ከፍ ብሎ  #ዛም_ሞል 2ኛ ፎቅ ቢሮ.ቁ 214


    📲 0909522840
    📲 0923350054

👍ለቡ ቅርንጫፍ📲0973611819


🔖
💬  በTelegram ለማዘዝ ⤵️ ይጠቀሙ
@shager_onlinestore
  
ለተጨማሪ ማብራሪያ የቴሌግራም ገፃችን⤵️
https://t.me/Shageronlinestore",2025-01-01 10:25:37+00:00,photos\@Shageronlinestore_6095.jpg
Sheger online-store,@Shageronlinestore,6094,"🎄#ልዩ_የብዓል_ቅናሽ 🎄
🛒7በ1 የሆነ የቅመም ማስቀመጫ 

🛒እጅግ ውብ የሆኑ              
🛒የራሱ ማስቀመጫ ያለዉ
🛒ለአያያዝ ምቹ
🛒የተለያዩ ቅመሞችን ለማቅረብ   የሚሆን
🛒የቤትዎን ውበት የሚጨምር ምርጥ እቃ
🛒ለራስዎ ቢያደርጉት፣ለወዳጅዎ በስጦታ ቢሰጡት የሚወዱት እቃ

         ዋጋ:-✅

📍ውስን ፍሬ ነው ያለን/ Limited Stock

🏢 አድራሻ ቁ.1 👉 መገናኛ ታሜ ጋስ ህንፃ ጎን ስሪ ኤም ሲቲ ሞል  ሁለተኛ ፎቅ ቢሮ ቁ. SL-05A(ከ ሊፍቱ ፊት ለ ፊት)

📍ቁ.2 👉ለቡ  መዳህኒዓለም ቤተ/ክርስቲያን 100ሜ ወደ ሙዚቃ ቤት ከፍ ብሎ  #ዛም_ሞል 2ኛ ፎቅ ቢሮ.ቁ 214


    📲 0909522840
    📲 0923350054

👍ለቡ ቅርንጫፍ📲0973611819


🔖
💬  በTelegram ለማዘዝ ⤵️ ይጠቀሙ
@shager_onlinestore
  
ለተጨማሪ ማብራሪያ የቴሌግራም ገፃችን⤵️
https://t.me/Shageronlinestore",2025-01-01 10:22:35+00:00,photos\@Shageronlinestore_6094.jpg
Sheger online-store,@Shageronlinestore,6093,"🎄 #ልዩ_የብዓል_ቅናሽ  🎄
💥2PCs Hanging Trash Can for Kitchen Cabinet Door

👍Collapsible Trash Bin Small Compact Garbage Can Attached to Cabinet Door, Kitchen Drawer Bedroom, Dorm Room Car Waste Bin..

⚡️ብዛት:-ሁለት ፍሬ

ዋጋ፦ ሁለት ፍሬ -1400ብር❌❌
                    
                         1100ብር✅✅

📍ውስን ፍሬ ነው ያለን/ Limited Stock

🏢 አድራሻ ቁ.1 👉 መገናኛ ታሜ ጋስ ህንፃ ጎን ስሪ ኤም ሲቲ ሞል  ሁለተኛ ፎቅ ቢሮ ቁ. SL-05A(ከ ሊፍቱ ፊት ለ ፊት)

📍ቁ.2 👉ለቡ  መዳህኒዓለም ቤተ/ክርስቲያን 100ሜ ወደ ሙዚቃ ቤት ከፍ ብሎ  #ዛም_ሞል 2ኛ ፎቅ ቢሮ.ቁ 214


    📲 0909522840
    📲 0923350054

👍ለቡ ቅርንጫፍ📲0973611819


🔖
💬  በTelegram ለማዘዝ ⤵️ ይጠቀሙ
@shager_onlinestore
  
ለተጨማሪ ማብራሪያ የቴሌግራም ገፃችን⤵️
https://t.me/Shageronlinestore",2025-01-01 07:12:18+00:00,
Sheger online-store,@Shageronlinestore,6092,"🎄 #ልዩ_የብዓል_ቅናሽ  🎄
💥2PCs Hanging Trash Can for Kitchen Cabinet Door

👍Collapsible Trash Bin Small Compact Garbage Can Attached to Cabinet Door, Kitchen Drawer Bedroom, Dorm Room Car Waste Bin..

⚡️ብዛት:-ሁለት ፍሬ

ዋጋ፦ ሁለት ፍሬ -1400ብር❌❌
                    
                         1100ብር✅✅

📍ውስን ፍሬ ነው ያለን/ Limited Stock

🏢 አድራሻ ቁ.1 👉 መገናኛ ታሜ ጋስ ህንፃ ጎን ስሪ ኤም ሲቲ ሞል  ሁለተኛ ፎቅ ቢሮ ቁ. SL-05A(ከ ሊፍቱ ፊት ለ ፊት)

📍ቁ.2 👉ለቡ  መዳህኒዓለም ቤተ/ክርስቲያን 100ሜ ወደ ሙዚቃ ቤት ከፍ ብሎ  #ዛም_ሞል 2ኛ ፎቅ ቢሮ.ቁ 214


    📲 0909522840
    📲 0923350054

👍ለቡ ቅርንጫፍ📲0973611819


🔖
💬  በTelegram ለማዘዝ ⤵️ ይጠቀሙ
@shager_onlinestore
  
ለተጨማሪ ማብራሪያ የቴሌግራም ገፃችን⤵️
https://t.me/Shageronlinestore",2025-01-01 07:09:49+00:00,photos\@Shageronlinestore_6092.jpg
Sheger online-store,@Shageronlinestore,6091,,2024-12-31 11:27:57+00:00,photos\@Shageronlinestore_6091.jpg
Sheger online-store,@Shageronlinestore,6090,,2024-12-31 11:27:57+00:00,photos\@Shageronlinestore_6090.jpg
Sheger online-store,@Shageronlinestore,6089,,2024-12-31 11:27:57+00:00,photos\@Shageronlinestore_6089.jpg
Sheger online-store,@Shageronlinestore,6088,,2024-12-31 11:27:57+00:00,photos\@Shageronlinestore_6088.jpg
Sheger online-store,@Shageronlinestore,6087,,2024-12-31 11:27:57+00:00,photos\@Shageronlinestore_6087.jpg
Sheger online-store,@Shageronlinestore,6086,"#ልዩ_የብዓል_ቅናሽ
🎄🎄............🎄🎄
🎄CERAMIC SERVING BOWL

✅ ለሰላጣ,ለወጥ እና ለፍሩት  ማቅረቢያ የሚሆን
✅ የራሱ ማቅረቢያ ያለዉ
✅ ከንፁህ ሸክላ የተሰራ
✅ ማንኪዉና ማቅረቢያዉ ከባምቦ እንጨት የተሰራ
✅  በነጭና በጥቁር ከለር የቀረበ

        ዋጋ:-3500ብር❌❌

               2500ብር✅✅

📍ውስን ፍሬ ነው ያለን/ Limited Stock

🏢 አድራሻ ቁ.1 👉 መገናኛ ታሜ ጋስ ህንፃ ጎን ስሪ ኤም ሲቲ ሞል  ሁለተኛ ፎቅ ቢሮ ቁ. SL-05A(ከ ሊፍቱ ፊት ለ ፊት)

📍ቁ.2 👉ለቡ  መዳህኒዓለም ቤተ/ክርስቲያን 100ሜ ወደ ሙዚቃ ቤት ከፍ ብሎ  #ዛም_ሞል 2ኛ ፎቅ ቢሮ.ቁ 214


    📲 0909522840
    📲 0923350054

👍ለቡ ቅርንጫፍ📲0973611819


🔖
💬  በTelegram ለማዘዝ ⤵️ ይጠቀሙ
@shager_onlinestore
  
ለተጨማሪ ማብራሪያ የቴሌግራም ገፃችን⤵️
https://t.me/Shageronlinestore",2024-12-31 11:27:56+00:00,photos\@Shageronlinestore_6086.jpg
Sheger online-store,@Shageronlinestore,6085,"#ልዩ_የብዓል_ቅናሽ 
🎄🎄🎄..............🎄🎄🎄
💥Aurora Twist Floor Cleaning Mob 

⚡️ 360° Degree Rotation
⚡️ Hand wash Free 
⚡️ Self Filtering Cleaning 
⚡️ Strong Water Absorption
⚡️ Enlarge + 
⚡️ Decontamination + 
⚡️ Flexible 
⚡️ Labour Saving 


         ዋጋ፦ 1,200 ብር❌❌

                  1000ብር✅✅

🏢 አድራሻ ቁ.1 👉 መገናኛ ታሜ ጋስ ህንፃ ጎን ስሪ ኤም ሲቲ ሞል  ሁለተኛ ፎቅ ቢሮ ቁ. SL-05A(ከ ሊፍቱ ፊት ለ ፊት)

📍ቁ.2 👉ለቡ  መዳህኒዓለም ቤተ/ክርስቲያን 100ሜ ወደ ሙዚቃ ቤት ከፍ ብሎ  #ዛም_ሞል 2ኛ ፎቅ ቢሮ.ቁ 214


    📲 0909522840
    📲 0923350054

👍ለቡ ቅርንጫፍ📲0973611819


🔖
💬  በTelegram ለማዘዝ ⤵️ ይጠቀሙ
@shager_onlinestore
  
ለተጨማሪ ማብራሪያ የቴሌግራም ገፃችን⤵️
https://t.me/Shageronlinestore",2024-12-31 10:35:36+00:00,
Sheger online-store,@Shageronlinestore,6084,,2024-12-31 10:34:06+00:00,photos\@Shageronlinestore_6084.jpg
Sheger online-store,@Shageronlinestore,6083,"#ልዩ_የብዓል_ቅናሽ 
💥Aurora Twist Floor Cleaning Mob 

⚡️ 360° Degree Rotation
⚡️ Hand wash Free 
⚡️ Self Filtering Cleaning 
⚡️ Strong Water Absorption
⚡️ Enlarge + 
⚡️ Decontamination + 
⚡️ Flexible 
⚡️ Labour Saving 


         ዋጋ፦ 1,200 ብር❌❌

                  1000ብር✅✅

🏢 አድራሻ ቁ.1 👉 መገናኛ ታሜ ጋስ ህንፃ ጎን ስሪ ኤም ሲቲ ሞል  ሁለተኛ ፎቅ ቢሮ ቁ. SL-05A(ከ ሊፍቱ ፊት ለ ፊት)

📍ቁ.2 👉ለቡ  መዳህኒዓለም ቤተ/ክርስቲያን 100ሜ ወደ ሙዚቃ ቤት ከፍ ብሎ  #ዛም_ሞል 2ኛ ፎቅ ቢሮ.ቁ 214


    📲 0909522840
    📲 0923350054

👍ለቡ ቅርንጫፍ📲0973611819


🔖
💬  በTelegram ለማዘዝ ⤵️ ይጠቀሙ
@shager_onlinestore
  
ለተጨማሪ ማብራሪያ የቴሌግራም ገፃችን⤵️
https://t.me/Shageronlinestore",2024-12-31 10:34:06+00:00,photos\@Shageronlinestore_6083.jpg
Sheger online-store,@Shageronlinestore,6082,,2024-12-31 10:21:56+00:00,
Sheger online-store,@Shageronlinestore,6081,"🎄ውድ ደንበኞቻችን መጪውን የገና በዓል ምክንያት በማድረግ በተመረጡ ዕቃዎች ላይ ታላቅ ቅናሽ  አድርገናል

🎄እንዲሁም ሱቅ መጠው ለሚገዙ ደነበኞቻችን የተለያዩ ስጦታወችን አዘጋጅተናል።

🎄ሱቃችን መጥተው መግዛት ላልቻሉ በዲሊቨሪ እናደርሳለን።

     🎄🎄መልካም በዓል🎄🎄

📍ውስን ፍሬ ነው ያለን/ Limited Stock

🏢 አድራሻ ቁ.1 👉 መገናኛ ታሜ ጋስ ህንፃ ጎን ስሪ ኤም ሲቲ ሞል  ሁለተኛ ፎቅ ቢሮ ቁ. SL-05A(ከ ሊፍቱ ፊት ለ ፊት)

📍ቁ.2 👉ለቡ  መዳህኒዓለም ቤተ/ክርስቲያን 100ሜ ወደ ሙዚቃ ቤት ከፍ ብሎ  #ዛም_ሞል 2ኛ ፎቅ ቢሮ.ቁ 214


    📲 0909522840
    📲 0923350054

👍ለቡ ቅርንጫፍ📲0973611819


🔖
💬  በTelegram ለማዘዝ ⤵️ ይጠቀሙ
@shager_onlinestore
  
ለተጨማሪ ማብራሪያ የቴሌግራም ገፃችን⤵️
https://t.me/Shageronlinestore",2024-12-31 10:21:17+00:00,photos\@Shageronlinestore_6081.jpg
Sheger online-store,@Shageronlinestore,6080,,2024-12-31 07:29:40+00:00,photos\@Shageronlinestore_6080.jpg
Sheger online-store,@Shageronlinestore,6079,,2024-12-31 07:29:40+00:00,photos\@Shageronlinestore_6079.jpg
